_id,id,name,start_neighborhood,end_neighborhood,built,year_rehab,image,neighborhood,council_district,ward,tract,public_works_division,pli_division,police_zone,fire_zone,latitude,longitude
3,290122944,2nd Avenue Bridge,Squirrel Hill South,Swisshelm Park,1886,1970,https://tools.wprdc.org/images/pittsburgh/bridges/2nd_Avenue_Bridge.jpg,Swisshelm Park,5,14,42003141400,3,14,4,2-12,40.41520228,-79.9156954
95,1498814681,Panther Hollow Bridge,Squirrel Hill South,,1895,1981,https://tools.wprdc.org/images/pittsburgh/bridges/Panther_Hollow_Bridge.jpg,Squirrel Hill South,5,14,42003980500,3,14,4,2-8,40.43714974,-79.94679944
110,2123274085,Schenley Drive Bridge,North Oakland,Squirrel Hill South,1896,1981,https://tools.wprdc.org/images/pittsburgh/bridges/Schenley_Drive_Bridge.jpg,Squirrel Hill North,5,14,42003140100,3,14,4,2-8,40.44132147,-79.94919582
53,259287705,Forbes Avenue Oakland Bridge,Squirrel Hill North,North Oakland,1898,1983,https://tools.wprdc.org/images/pittsburgh/bridges/Forbes_Avenue_Oakland_Bridge.jpg,Squirrel Hill North,8,14,42003140100,3,14,4,2-9,40.44452477,-79.9467025
9,1811658780,Bajo Street Bridge,Arlington,,1900,1900,https://tools.wprdc.org/images/pittsburgh/bridges/Bajo_Street_Bridge.jpg,Arlington,3,16,42003561600,4,16,3,4-13,40.40970121,-79.96363304
8,1942222929,Arcata Street Bridge,Overbrook,,1900,1980,,Overbrook,4,32,42003320700,4,32,3,4-25,40.37676593,-79.99451188
78,72322424,Lowrie Street Bridge,Troy Hill,,1900,2000,https://tools.wprdc.org/images/pittsburgh/bridges/Lowrie_Street_Bridge.jpg,Troy Hill,1,24,42003240600,1,24,1,1-2,40.46571991,-79.98119288
113,524537943,Shaler Street Bridge,West End,,1900,1979,https://tools.wprdc.org/images/pittsburgh/bridges/Shaler_Street_Bridge.jpg,West End,2,20,42003562600,5,20,6,1-17,40.43269786,-80.02983653
138,1455053898,Wilksboro Avenue Pedestrian Bridge,Brighton Heights,,1900,1933,https://tools.wprdc.org/images/pittsburgh/bridges/Wilksboro_Avenue_Pedestrian_Bridge.jpg,Brighton Heights,1,27,42003270100,1,27,1,1-14,40.48591012,-80.04535131
115,864685367,South 12th Street Bridge,Southside Flats,Southside Slopes,1901,1972,https://tools.wprdc.org/images/pittsburgh/bridges/South_12th_Street_Bridge.jpg,South Side Flats,3,17,42003170200,4,17,3,4-24,40.42580252,-79.9857974
107,123727814,Ridge Avenue Bridge,Allegheny West,,1903,1957,https://tools.wprdc.org/images/pittsburgh/bridges/Ridge_Avenue_Bridge.jpg,Allegheny West,1,22,42003562700,1,22,1,1-7,40.45118793,-80.01026351
137,2065861344,West Ohio Street Bridge,Allegheny Center,Allegheny West,1903,1958,https://tools.wprdc.org/images/pittsburgh/bridges/West_Ohio_Street_Bridge.jpg,Allegheny Center,1,22,42003562700,1,22,1,1-7,40.45161859,-80.01067255
65,1667705177,Hot Metal Street Bridge,Southside Flats,South Oakland,1904,2000,https://tools.wprdc.org/images/pittsburgh/bridges/Hot_Metal_Street_Bridge.jpg,,3,,42003160900,,,,,40.4284202,-79.96041362
71,1714459099,Larimer Avenue Bridge 2,Lincoln-Lemington-Belmar,,1904,1989,https://tools.wprdc.org/images/pittsburgh/bridges/Larimer_Avenue_Bridge_2.jpg,Lincoln-Lemington-Belmar,9,12,42003120300,2,12,5,3-15,40.46773432,-79.90754531
30,707361176,Columbus Avenue Bridge,Manchester,California-Kirkbride,1905,1990,https://tools.wprdc.org/images/pittsburgh/bridges/Columbus_Avenue_Bridge.jpg,Manchester,6,21,42003210700,1,21,1,1-8,40.45841665,-80.02440303
72,937476183,Lincoln Avenue Bridge,Lincoln-Lemington-Belmar,Larimer,1905,1979,https://tools.wprdc.org/images/pittsburgh/bridges/Lincoln_Avenue_Bridge.jpg,Lincoln-Lemington-Belmar,9,12,42003120300,2,12,5,3-12,40.46269109,-79.9054642
73,30672143,Lowe Street Pedestrian Bridge,West End,,1906,1982,https://tools.wprdc.org/images/pittsburgh/bridges/Lowe_Street_Pedestrian_Bridge.jpg,West End,2,20,42003562600,5,20,6,1-17,40.43377748,-80.03100417
28,1920929766,Chartiers Avenue Bridge,Sheraden,,1908,1908,https://tools.wprdc.org/images/pittsburgh/bridges/Chartiers_Avenue_Bridge.jpg,Sheraden,2,20,42003202200,5,20,6,1-16,40.45290442,-80.05455182
24,98560992,Carnahan Road Bridge,Banksville,,1909,1983,https://tools.wprdc.org/images/pittsburgh/bridges/Carnahan_Road_Bridge.jpg,Banksville,2,20,42003202300,5,20,6,4-9,40.40714062,-80.03434175
128,1354744519,Timberland Avenue Bridge,Bon Air,,1909,1986,https://tools.wprdc.org/images/pittsburgh/bridges/Timberland_Avenue_Bridge.jpg,Bon Air,4,18,42003562400,4,18,3,4-18,40.41038257,-80.00628805
70,447767422,Larimer Avenue Bridge 1,Larimer,Lincoln-Lemington-Belmar,1912,1980,https://tools.wprdc.org/images/pittsburgh/bridges/Larimer_Avenue_Bridge_1.jpg,Larimer,9,12,42003120400,2,12,5,3-12,40.46729968,-79.90904466
13,638279888,Baum Boulevard Bridge,Bloomfield,Shadyside,1913,1986,https://tools.wprdc.org/images/pittsburgh/bridges/Baum_Boulevard_Bridge.jpg,Bloomfield,7,8,42003080400,2,8,4,3-1,40.4552935,-79.94413356
32,562030231,Corliss Street Tunnel,Elliott,Esplen,1913,1942,https://tools.wprdc.org/images/pittsburgh/bridges/Corliss_Street_Tunnel.jpg,Sheraden,2,20,42003562500,5,20,6,1-16,40.45246256,-80.04018412
38,1913893398,Edgebrook Avenue Bridge,Bon Air,Brookline,1914,1975,https://tools.wprdc.org/images/pittsburgh/bridges/Edgebrook_Avenue_Bridge.jpg,Bon Air,4,32,42003562400,4,32,3,4-25,40.4020174,-80.00107174
81,353385657,Meadow Street Bridge,Larimer,Highland Park,1914,1997,https://tools.wprdc.org/images/pittsburgh/bridges/Meadow_Street_Bridge.jpg,Larimer,9,12,42003120800,2,12,5,3-12,40.46678266,-79.91589953
125,183525377,Swinburne Street Bridge,Greenfield,South Oakland,1915,1989,https://tools.wprdc.org/images/pittsburgh/bridges/Swinburne_Street_Bridge.jpg,Greenfield,5,15,42003151600,3,15,4,2-12,40.42654977,-79.95038697
4,1811170969,Alexander Street Bridge,West End,,1924,2000,https://tools.wprdc.org/images/pittsburgh/bridges/Alexander_Street_Bridge.jpg,West End,2,20,42003562600,5,20,6,1-17,40.44007219,-80.03336465
79,398064299,Maple Avenue Bridge,Perry South,,1924,1924,https://tools.wprdc.org/images/pittsburgh/bridges/Maple_Avenue_Bridge.jpg,Perry South,6,26,42003261400,1,26,1,1-23,40.47113787,-80.00790735
94,920365328,Overbrook Way Pedestrian Bridge,Overbrook,,1924,1924,https://tools.wprdc.org/images/pittsburgh/bridges/Overbrook_Way_Pedestrian_Bridge.jpg,Overbrook,4,32,42003320700,4,32,3,4-25,40.38515446,-79.99565853
123,1124586979,South Negley Avenue Bridge,Shadyside,,1924,1973,https://tools.wprdc.org/images/pittsburgh/bridges/South_Negley_Avenue_Bridge.jpg,Shadyside,8,7,42003070900,2,7,4,3-11,40.45621516,-79.93344061
7,886744744,Ansonia Place Bridge,Brookline,,1925,1925,https://tools.wprdc.org/images/pittsburgh/bridges/Ansonia_Place_Bridge.jpg,Brookline,4,32,42003320600,4,32,6,4-25,40.39450315,-79.99755873
121,1348188774,South Highland Avenue Bridge,Shadyside,,1925,2013,https://tools.wprdc.org/images/pittsburgh/bridges/South_Highland_Avenue_Bridge.jpg,Shadyside,8,7,42003070800,2,7,4,3-11,40.45904277,-79.92509761
133,680694681,West Carson Street Bridge,Esplen,,1925,1978,https://tools.wprdc.org/images/pittsburgh/bridges/West_Carson_Street_Bridge.jpg,Esplen,2,20,42003562500,5,20,6,1-27,40.46484154,-80.05349357
122,2115516239,South Millvale Avenue Bridge,Bloomfield,,1927,1972,https://tools.wprdc.org/images/pittsburgh/bridges/South_Millvale_Avenue_Bridge.jpg,Bloomfield,7,8,42003080400,2,8,5,3-1,40.45726417,-79.94746187
109,421625701,Robert McAfee Bridge,Marshall-Shadeland,,1928,1981,https://tools.wprdc.org/images/pittsburgh/bridges/Robert_McAfee_Bridge.jpg,Marshall-Shadeland,1,27,42003271500,1,27,1,1-14,40.47160013,-80.03687992
11,476622411,Baldwick Road Bridge 2,Oakwood,,1929,1929,https://tools.wprdc.org/images/pittsburgh/bridges/Baldwick_Road_Bridge_2.jpg,Oakwood,2,28,42003562800,5,28,6,1-19,40.42670347,-80.05985768
10,1887633011,Baldwick Road Bridge 1,Oakwood,,1929,1985,https://tools.wprdc.org/images/pittsburgh/bridges/Baldwick_Road_Bridge_1.jpg,Oakwood,2,28,42003562800,5,28,6,1-19,40.42714195,-80.06196724
90,149884025,North Avenue and Brighton Road Bridge,Allegheny Center,Central Northside,1929,1929,https://tools.wprdc.org/images/pittsburgh/bridges/North_Avenue_and_Brighton_Road_Bridge.jpg,Allegheny West,1,22,42003562700,1,22,1,1-7,40.45388384,-80.01483108
101,1444537238,PJ McArdle Roadway Bridge Upper,Mount Washington,,1929,1984,,Mount Washington,2,19,42003190300,5,19,3,4-27,40.4352796,-80.01210218
21,1422005607,Calera Street Bridge 1,Hays,,1930,1984,https://tools.wprdc.org/images/pittsburgh/bridges/Calera_Street_Bridge_1.jpg,Hays,5,31,42003562900,3,31,4,4-20,40.38293333,-79.93294525
22,1163914043,Calera Street Bridge 2,Hays,,1930,1984,https://tools.wprdc.org/images/pittsburgh/bridges/Calera_Street_Bridge_2.jpg,Hays,5,31,42003562900,3,31,4,4-20,40.38355427,-79.9328659
20,1474894314,Brighton Heights Boulevard Bridge,Brighton Heights,,1930,1980,https://tools.wprdc.org/images/pittsburgh/bridges/Brighton_Heights_Boulevard_Bridge.jpg,Brighton Heights,1,27,42003270100,1,27,1,1-14,40.48147096,-80.04233831
50,1962872980,Fancourt Street Bridge,Central Business District,,1930,1930,,Central Business District,6,2,42003020100,6,2,2,1-3,40.44346249,-80.00594416
126,760187504,Swindell Bridge,Spring Garden,Perry South,1930,1989,https://tools.wprdc.org/images/pittsburgh/bridges/Swindell_Bridge.jpg,Perry South,6,26,42003261500,1,26,1,1-23,40.47218226,-80.00528527
2,761156487,28th Street Bridge,Strip District,Polish Hill,1931,1974,https://tools.wprdc.org/images/pittsburgh/bridges/28th_Street_Bridge.jpg,Strip District,7,6,42003020300,6,6,2,2-25,40.4561717,-79.97370843
102,1260503903,PJ McArdle Viaduct 1,Southside Flats,Southside Slopes,1933,1933,https://tools.wprdc.org/images/pittsburgh/bridges/PJ_McArdle_Viaduct_1.jpg,South Side Flats,3,17,42003170600,4,17,3,4-2,40.42777388,-79.9928387
103,209059012,PJ McArdle Viaduct 2,Southside Slopes,,1934,1934,,South Side Slopes,3,18,42003170200,4,18,3,4-2,40.42899953,-79.99746086
98,988708906,Pensdale Street Bridge 1,Oakwood,,1937,1937,https://tools.wprdc.org/images/pittsburgh/bridges/Pensdale_Street_Bridge_1.jpg,Oakwood,2,28,42003562800,5,28,6,1-19,40.42740473,-80.06377633
99,781196343,Pensdale Street Bridge 2,Oakwood,,1937,1937,https://tools.wprdc.org/images/pittsburgh/bridges/Pensdale_Street_Bridge_2.jpg,Oakwood,2,28,42003562800,5,28,6,1-19,40.42802848,-80.06437446
26,1368360254,Charles Anderson Bridge,Squirrel Hill South,South Oakland,1938,1987,https://tools.wprdc.org/images/pittsburgh/bridges/Charles_Anderson_Bridge.jpg,Central Oakland,3,4,42003040600,3,4,4,2-8,40.43441416,-79.95013126
47,252038884,Englert Street Pedestrian Bridge,Overbrook,,1938,1986,https://tools.wprdc.org/images/pittsburgh/bridges/Englert_Street_Pedestrian_Bridge.jpg,Overbrook,4,32,42003320700,4,32,3,4-25,40.38780769,-79.99681007
18,837715899,Bridle Trail Bridge 1,Squirrel Hill South,,1939,1939,https://tools.wprdc.org/images/pittsburgh/bridges/Bridle_Trail_Bridge_1.jpg,Squirrel Hill South,5,14,42003980500,3,14,4,2-8,40.43308439,-79.94758413
6,265798676,Anderson Playground Walkway,Squirrel Hill South,,1939,1939,https://tools.wprdc.org/images/pittsburgh/bridges/Anderson_Playground_Walkway.jpg,Squirrel Hill South,5,14,42003980500,3,14,4,2-8,40.43505617,-79.94735465
19,2096249888,Bridle Trail Bridge 2,Squirrel Hill South,,1939,1939,https://tools.wprdc.org/images/pittsburgh/bridges/Bridle_Trail_Bridge_2.jpg,Squirrel Hill South,5,14,42003980500,3,14,4,2-8,40.43150378,-79.94845236
74,1622965510,Lower Panther Hollow Trail Bridge 1,Squirrel Hill South,,1939,1939,https://tools.wprdc.org/images/pittsburgh/bridges/Lower_Panther_Hollow_Trail_Bridge_1.jpg,Squirrel Hill South,5,14,42003980500,3,14,4,2-8,40.43801633,-79.94559983
75,2078542034,Lower Panther Hollow Trail Bridge 2,Squirrel Hill South,,1939,1939,https://tools.wprdc.org/images/pittsburgh/bridges/Lower_Panther_Hollow_Trail_Bridge_2.jpg,Squirrel Hill South,5,14,42003980500,3,14,4,2-8,40.43582786,-79.94272585
76,767193435,Lower Panther Hollow Trail Bridge 3,Squirrel Hill South,,1939,1939,https://tools.wprdc.org/images/pittsburgh/bridges/Lower_Panther_Hollow_Trail_Bridge_3.jpg,Squirrel Hill South,5,14,42003980500,3,14,4,2-8,40.43545222,-79.94122247
77,1231449765,Lower Panther Hollow Trail Bridge 4,Squirrel Hill South,,1939,1939,https://tools.wprdc.org/images/pittsburgh/bridges/Lower_Panther_Hollow_Trail_Bridge_4.jpg,Squirrel Hill South,5,14,42003980500,3,14,4,2-8,40.43394168,-79.93566963
85,454627966,Mission Street Bridge East,Southside Slopes,,1939,1982,https://tools.wprdc.org/images/pittsburgh/bridges/Mission_Street_Bridge_East.jpg,South Side Slopes,3,16,42003160800,4,16,3,4-24,40.42322387,-79.97430901
86,14311106,Mission Street Bridge West,Southside Slopes,,1939,1982,https://tools.wprdc.org/images/pittsburgh/bridges/Mission_Street_Bridge_West.jpg,South Side Slopes,3,17,42003170600,4,17,3,4-24,40.42357508,-79.97677262
111,381719968,Schenley Park Underpass,Squirrel Hill South,,1939,1988,https://tools.wprdc.org/images/pittsburgh/bridges/Schenley_Park_Underpass.jpg,Squirrel Hill South,5,14,42003980500,3,14,4,2-8,40.43531057,-79.94662109
31,1633957439,Commercial Street Bridge,Squirrel Hill South,,1940,1940,https://tools.wprdc.org/images/pittsburgh/bridges/Commercial_Street_Bridge.jpg,Squirrel Hill South,5,14,42003141400,3,14,4,2-19,40.42608677,-79.90613044
55,253242687,Fort Pitt Boulevard Eastbound,Central Business District,,1940,1940,,Central Business District,6,1,42003020100,6,1,2,1-4,40.43788378,-80.004784
80,1736774459,Market Street Bridge,Central Business District,,1940,1940,https://tools.wprdc.org/images/pittsburgh/bridges/Market_Street_Bridge.jpg,Central Business District,6,1,42003020100,6,1,2,1-4,40.43794108,-80.00442182
93,500245006,One Wild Place Bridge,Highland Park,,1940,1940,,Highland Park,7,11,42003980100,2,11,5,3-9,40.48311388,-79.91989237
124,1770746602,Stanwix Street Bridge,Central Business District,,1940,1979,,Central Business District,6,1,42003020100,6,1,2,1-4,40.43843454,-80.00581332
139,796441646,Wood Street Bridge,Central Business District,,1940,1981,https://tools.wprdc.org/images/pittsburgh/bridges/Wood_Street_Bridge.jpg,Central Business District,6,1,42003020100,6,1,2,1-4,40.43732633,-80.00270874
135,862801435,West Elizabeth Street Bridge,Hazelwood,,1940,1940,https://tools.wprdc.org/images/pittsburgh/bridges/West_Elizabeth_Street_Bridge.jpg,Hazelwood,5,15,42003562900,3,15,4,2-13,40.40691662,-79.9442994
60,441837715,Goettman Street Bridge,Troy Hill,,1949,1987,https://tools.wprdc.org/images/pittsburgh/bridges/Goettman_Street_Bridge.jpg,Troy Hill,1,24,42003240600,1,24,1,1-2,40.45843977,-79.98767494
58,1316908913,Ganges Way Bridge,Hays,,1951,1951,https://tools.wprdc.org/images/pittsburgh/bridges/Ganges_Way_Bridge.jpg,Hays,5,31,42003562900,3,31,4,4-20,40.3799565,-79.93470471
39,1563359794,Eisel Street Bridge,Arlington,,1952,1952,https://tools.wprdc.org/images/pittsburgh/bridges/Eisel_Street_Bridge.jpg,Arlington,3,16,42003561600,4,16,3,4-13,40.41235444,-79.96843277
34,262339398,East Liberty Boulevard Bridge Northbound,Larimer,,1968,1968,https://tools.wprdc.org/images/pittsburgh/bridges/East_Liberty_Boulevard_Bridge_Northbound.jpg,Larimer,9,12,42003120800,2,12,5,3-10,40.46472977,-79.9188246
35,205186808,East Liberty Boulevard Bridge Southbound,East Liberty,,1968,1968,https://tools.wprdc.org/images/pittsburgh/bridges/East_Liberty_Boulevard_Bridge_Southbound.jpg,East Liberty,9,11,42003111500,2,11,5,3-10,40.4646155,-79.91896542
52,339222553,Forbes Avenue Frick Park Bridge,Regent Square,Point Breeze,1970,1970,https://tools.wprdc.org/images/pittsburgh/bridges/Forbes_Avenue_Frick_Park_Bridge.jpg,Point Breeze,9,14,42003981100,3,14,4,3-14,40.43951947,-79.90033784
25,471129992,Centre Avenue Bridge,Shadyside,Bloomfield,1978,1978,,Shadyside,8,7,42003070900,2,7,4,3-1,40.45459399,-79.94298317
87,2024131946,Murray Avenue Bridge,Greenfield,Squirrel Hill South,1978,1978,https://tools.wprdc.org/images/pittsburgh/bridges/Murray_Avenue_Bridge.jpg,Squirrel Hill South,5,14,42003141400,3,14,4,2-15,40.42701557,-79.92680843
49,1178818331,Fairhaven Road Bridge,Overbrook,,1979,1979,https://tools.wprdc.org/images/pittsburgh/bridges/Fairhaven_Road_Bridge.jpg,Overbrook,4,32,42003320700,4,32,3,4-25,40.37890973,-79.99375
120,826418840,South Graham Street Pedestrian Bridge,Shadyside,,1979,1979,https://tools.wprdc.org/images/pittsburgh/bridges/South_Graham_Street_Pedestrian_Bridge.jpg,Shadyside,8,7,42003070900,2,7,4,3-22,40.45469375,-79.9352869
119,739242121,South Aiken Avenue Bridge,Shadyside,,1979,1979,https://tools.wprdc.org/images/pittsburgh/bridges/South_Aiken_Avenue_Bridge.jpg,Shadyside,8,7,42003070900,2,7,4,3-22,40.45377216,-79.93731909
62,1088820206,Herron Avenue Bridge,Lower Lawrenceville,Polish Hill,1980,1980,https://tools.wprdc.org/images/pittsburgh/bridges/Herron_Avenue_Bridge.jpg,Lower Lawrenceville,7,6,42003060300,2,6,2,3-2,40.46040913,-79.96649111
92,1951085879,North Lang Avenue Pedestrian Bridge,Point Breeze North,Homewood South,1980,1980,https://tools.wprdc.org/images/pittsburgh/bridges/North_Lang_Avenue_Pedestrian_Bridge.jpg,Homewood South,9,13,42003130300,2,13,4,3-17,40.45355881,-79.90090036
48,1988317050,Ensign Avenue Bridge,Bon Air,,1981,1981,https://tools.wprdc.org/images/pittsburgh/bridges/Ensign_Avenue_Bridge.jpg,Bon Air,4,18,42003562400,4,18,3,4-18,40.40616393,-80.00386048
33,1319915134,Crane Avenue Bridge,Mount Washington,,1983,1983,https://tools.wprdc.org/images/pittsburgh/bridges/Crane_Avenue_Bridge.jpg,Mount Washington,4,19,42003191500,5,19,3,4-28,40.41699623,-80.01507663
96,2100602905,Penn Avenue Bridge,Shadyside,East Liberty,1983,1983,https://tools.wprdc.org/images/pittsburgh/bridges/Penn_Avenue_Bridge.jpg,East Liberty,9,7,42003111500,2,7,4,3-11,40.45990302,-79.92096774
100,404921280,PJ McArdle Roadway Bridge Lower,South Shore,Mount Washington,1983,1983,https://tools.wprdc.org/images/pittsburgh/bridges/PJ_McArdle_Roadway_Bridge_Lower.jpg,Mount Washington,3,18,42003191400,5,18,3,4-27,40.43039771,-80.00242203
104,2002152068,Radcliffe Street Bridge,Sheraden,Esplen,1983,1983,https://tools.wprdc.org/images/pittsburgh/bridges/Radcliffe_Street_Bridge.jpg,Sheraden,2,20,42003562500,5,20,6,1-16,40.46106016,-80.05443117
127,1839741682,Sycamore Street Bridge,South Shore,,1984,1984,https://tools.wprdc.org/images/pittsburgh/bridges/Sycamore_Street_Bridge.jpg,South Shore,3,18,42003980700,5,18,3,4-27,40.4305398,-80.00207145
131,1794040291,Unnamed Way Pedestrian Bridge,Hays,,1985,1985,https://tools.wprdc.org/images/pittsburgh/bridges/Unnamed_Way_Pedestrian_Bridge.jpg,Hays,5,31,42003562900,3,31,4,4-20,40.38335587,-79.9333586
61,820475036,Herr's Island Bridge,Troy Hill,,1986,1986,,Troy Hill,1,24,42003240600,6,24,1,1-1,40.46386545,-79.97888605
17,100374440,Bloomfield Bridge,Bloomfield,,1986,1986,https://tools.wprdc.org/images/pittsburgh/bridges/Bloomfield_Bridge.jpg,Lower Lawrenceville,7,8,42003060300,2,8,2,3-1,40.46128768,-79.95508873
15,916357398,Bigelow Boulevard Pedestrian Bridge,Polish Hill,,1986,1986,https://tools.wprdc.org/images/pittsburgh/bridges/Bigelow_Boulevard_Pedestrian_Bridge.jpg,Polish Hill,7,6,42003060500,6,6,2,2-6,40.45875434,-79.95769542
16,1653197563,Bigelow Boulevard Underpass,Polish Hill,North Oakland,1986,1986,,Polish Hill,6,5,42003060500,3,5,4,2-6,40.45879414,-79.95740575
36,1019718164,East Street Service Bridge,Summer Hill,Perry North,1986,1986,https://tools.wprdc.org/images/pittsburgh/bridges/East_Street_Service_Bridge.jpg,Summer Hill,1,26,42003261200,1,26,1,1-15,40.48310099,-80.00768151
51,2061579920,Finland Street Pedestrian Bridge,Polish Hill,,1986,1986,https://tools.wprdc.org/images/pittsburgh/bridges/Finland_Street_Pedestrian_Bridge.jpg,Polish Hill,7,6,42003060500,6,6,2,2-6,40.45799107,-79.96047386
84,1982940391,Milroy Street Bridge,Northview Heights,Perry North,1986,1986,https://tools.wprdc.org/images/pittsburgh/bridges/Milroy_Street_Bridge.jpg,Northview Heights,1,26,42003260900,1,26,1,1-13,40.47671875,-80.0076824
97,1407799522,Pennsylvania Avenue Bridge,Central Northside,California-Kirkbride,1986,1986,https://tools.wprdc.org/images/pittsburgh/bridges/Pennsylvania_Avenue_Bridge.jpg,California-Kirkbride,1,25,42003220600,1,25,1,1-9,40.45561007,-80.01796376
91,1701028337,North Avenue Bridge,East Allegheny,,1987,1987,https://tools.wprdc.org/images/pittsburgh/bridges/North_Avenue_Bridge.jpg,East Allegheny,1,23,42003563200,1,23,1,1-5,40.4570836,-79.99835192
105,683085715,Ramp Q Bridge,East Allegheny,,1987,2001,https://tools.wprdc.org/images/pittsburgh/bridges/Ramp_Q_Bridge.jpg,East Allegheny,1,23,42003563200,1,23,1,1-24,40.45855392,-79.99877855
129,570392529,Tripoli Street Bridge,East Allegheny,,1987,1987,https://tools.wprdc.org/images/pittsburgh/bridges/Tripoli_Street_Bridge.jpg,East Allegheny,1,23,42003563200,1,23,1,1-5,40.45649855,-79.99813665
29,1690227401,Chestnut Street Bridge,East Allegheny,,1988,1988,https://tools.wprdc.org/images/pittsburgh/bridges/Chestnut_Street_Bridge.jpg,East Allegheny,1,23,42003563200,1,23,1,1-5,40.45461447,-79.99427797
67,1663635743,Howard Street Pedestrian Bridge,Fineview,Spring Hill - City View,1989,1989,https://tools.wprdc.org/images/pittsburgh/bridges/Howard_Street_Pedestrian_Bridge.jpg,Spring Hill-City View,1,24,42003262000,1,24,1,1-24,40.46251537,-79.9994989
112,2122763222,Shadeland Avenue Bridge,Marshall-Shadeland,Brighton Heights,1993,1993,https://tools.wprdc.org/images/pittsburgh/bridges/Shadeland_Avenue_Bridge.jpg,Marshall-Shadeland,1,27,42003271500,1,27,1,1-14,40.47607267,-80.03268963
27,2094754790,Charles J. Lieberth Pedestrian Bridge,Troy Hill,,1998,1998,https://tools.wprdc.org/images/pittsburgh/bridges/Charles_J._Lieberth_Pedestrian_Bridge.jpg,Troy Hill,1,23,42003240600,1,23,1,1-5,40.45629925,-79.99132211
59,2137855309,Gateway Boulevard Railroad Tunnel,Southside Flats,,2000,2000,https://tools.wprdc.org/images/pittsburgh/bridges/Gateway_Boulevard_Railroad_Tunnel.jpg,South Side Flats,3,16,42003160900,4,16,3,4-24,40.42701161,-79.96268687
114,881766913,South 10th Street Pedestrian Bridge,Southside Flats,Southside Slopes,2001,2001,https://tools.wprdc.org/images/pittsburgh/bridges/South_10th_Street_Pedestrian_Bridge.jpg,South Side Slopes,3,17,42003170600,4,17,3,4-24,40.42635266,-79.98862734
116,1337504193,South 15th Street Pedestrian Bridge,Southside Flats,Southside Slopes,2001,2001,https://tools.wprdc.org/images/pittsburgh/bridges/South_15th_Street_Pedestrian_Bridge.jpg,South Side Slopes,3,17,42003170600,4,17,3,4-24,40.42537737,-79.98356874
14,1395820472,Beechwood Boulevard Bridge,Greenfield,Squirrel Hill South,2017,2017,,Greenfield,5,15,42003151700,3,15,4,2-12,40.42838791,-79.93793296
12,1097386435,Baldwick Road Bridge 3,Oakwood,,,,,Oakwood,2,28,42003562800,5,28,6,1-19,40.42655341,-80.05703532
1,2002832442,10th St Bypass,Central Business District,,,,https://tools.wprdc.org/images/pittsburgh/bridges/10th_St_Bypass.jpg,Central Business District,6,2,42003020100,6,2,2,1-3,40.44644178,-79.99653381
117,1886402445,South 27th Street Railroad Tunnel,Southside Flats,,,,,South Side Flats,3,16,42003160900,4,16,3,4-24,40.42868381,-79.96526178
23,204581168,Cape May Avenue Pedestrian Bridge,Beechview,,,,,Beechview,4,19,42003191600,5,19,6,4-28,40.41112866,-80.02199527
5,2047190591,Allegheny Channel Boardwalk,Troy Hill,,,,https://tools.wprdc.org/images/pittsburgh/bridges/Allegheny_Channel_Boardwalk.jpg,Troy Hill,1,24,42003240600,1,24,1,1-1,40.46657774,-79.97772828
37,1795072982,Eastside Pedestrian Bridge,Shadyside,,,,https://tools.wprdc.org/images/pittsburgh/bridges/Eastside_Pedestrian_Bridge.jpg,Shadyside,8,7,42003070500,2,7,4,3-11,40.45852554,-79.92737754
40,1070906249,Eliza Furnace Trail 2nd Avenue,Bluff,,,,https://tools.wprdc.org/images/pittsburgh/bridges/Eliza_Furnace_Trail_2nd_Avenue.jpg,Bluff,6,1,42003010300,3,1,2,2-2,40.43501126,-79.9829422
41,986903308,Eliza Furnace Trail Bates Street,South Oakland,,,,https://tools.wprdc.org/images/pittsburgh/bridges/Eliza_Furnace_Trail_Bates_Street.jpg,South Oakland,3,4,42003980800,3,4,4,2-2,40.43131903,-79.95901153
43,831241962,Eliza Furnace Trail Greenfield Avenue,Hazelwood,,,,https://tools.wprdc.org/images/pittsburgh/bridges/Eliza_Furnace_Trail_Greenfield_Avenue.jpg,Hazelwood,5,15,42003562900,3,15,4,2-12,40.42488036,-79.95272041
44,12281037,Eliza Furnace Trail Maurice Street Bridge,South Oakland,,,,https://tools.wprdc.org/images/pittsburgh/bridges/Eliza_Furnace_Trail_Maurice_Street_Bridge.jpg,South Oakland,6,4,42003980800,3,4,4,2-2,40.43491459,-79.9668174
45,451697024,Eliza Furnace Trail Swinburne Street 1,Hazelwood,,,,https://tools.wprdc.org/images/pittsburgh/bridges/Eliza_Furnace_Trail_Swinburne_Street_1.jpg,South Oakland,3,4,42003980800,3,4,4,2-12,40.42611261,-79.95344863
46,497696193,Eliza Furnace Trail Swinburne Street 2,Hazelwood,,,,https://tools.wprdc.org/images/pittsburgh/bridges/Eliza_Furnace_Trail_Swinburne_Street_2.jpg,Hazelwood,3,4,42003980800,3,4,4,2-12,40.42601256,-79.95361091
42,2030557349,Eliza Furnace Trail Brady Street,Bluff,South Oakland,,,https://tools.wprdc.org/images/pittsburgh/bridges/Eliza_Furnace_Trail_Brady_Street.jpg,Bluff,6,4,42003010300,3,4,2,2-2,40.43618003,-79.9729617
56,1317416454,Frick Park Access Road Bridge,Squirrel Hill South,,,,https://tools.wprdc.org/images/pittsburgh/bridges/Frick_Park_Access_Road_Bridge.jpg,Squirrel Hill South,5,14,42003141000,3,14,4,2-16,40.43090733,-79.9001631
63,826965681,Hillburn Street Pedestrian Bridge,Hays,,,,,Hays,5,31,42003562900,3,31,4,4-20,40.38328812,-79.93144885
64,204423365,Hot Metal Pedestrian Bridge,South Oakland,Southside Flats,,,https://tools.wprdc.org/images/pittsburgh/bridges/Hot_Metal_Pedestrian_Bridge.jpg,,3,,42003160900,,,,,40.42856368,-79.96037046
66,1432148758,Hot Metal Street Pedestrian Bridge 2nd Avenue,South Oakland,,,,https://tools.wprdc.org/images/pittsburgh/bridges/Hot_Metal_Street_Pedestrian_Bridge_2nd_Avenue.jpg,South Oakland,3,4,42003980800,3,4,4,2-2,40.43009435,-79.95782821
54,378927944,Fort Duquesne Pedestrian Bridge,Central Business District,North Shore,,,https://tools.wprdc.org/images/pittsburgh/bridges/Fort_Duquesne_Pedestrian_Bridge.jpg,,6,,42003981200,,,,,40.44428398,-80.00946845
68,1044698336,Lake Elizabeth Bridge 1,Allegheny Center,,,,https://tools.wprdc.org/images/pittsburgh/bridges/Lake_Elizabeth_Bridge_1.jpg,Allegheny Center,1,22,42003562700,1,22,1,1-7,40.45333437,-80.01235478
69,1463062856,Lake Elizabeth Bridge 2,Allegheny Center,,,,https://tools.wprdc.org/images/pittsburgh/bridges/Lake_Elizabeth_Bridge_2.jpg,Allegheny Center,1,22,42003562700,1,22,1,1-7,40.45356806,-80.01197525
57,150410192,Fritz Street Bridge,,,,,https://tools.wprdc.org/images/pittsburgh/bridges/Fritz_Street_Bridge.jpg,Allentown,3,18,42003170600,4,18,3,4-5,40.42318884,-79.98857975
82,1738076409,Melanchton Street Pedestrian Bridge,Hazelwood,,,,https://tools.wprdc.org/images/pittsburgh/bridges/Melanchton_Street_Pedestrian_Bridge.jpg,Hazelwood,5,15,42003562900,3,15,4,2-13,40.40362984,-79.94388113
83,1651528236,Midwood Avenue Pedestrian Bridge,Brookline,,,,https://tools.wprdc.org/images/pittsburgh/bridges/Midwood_Avenue_Pedestrian_Bridge.jpg,Overbrook,4,32,42003320600,4,32,3,4-25,40.39284283,-79.99755146
88,1291404694,Nine Mile Run Boardwalk,Squirrel Hill South,,,,https://tools.wprdc.org/images/pittsburgh/bridges/Nine_Mile_Run_Boardwalk.jpg,Squirrel Hill South,5,14,42003980300,3,14,4,2-20,40.4264294,-79.90532291
89,523191305,Nine Mile Run Bridge,Squirrel Hill South,Swisshelm Park,,,https://tools.wprdc.org/images/pittsburgh/bridges/Nine_Mile_Run_Bridge.jpg,Squirrel Hill South,5,14,42003141100,3,14,4,2-19,40.41966129,-79.91268079
140,1178900529,MacFarren St Bridge,Swisshelm Park,Squirrel Hill South,,,,,5,,42003141400,,,,,40.41516123,-79.91564882
106,187158805,Reservoir Drive Bridge,Highland Park,,,,https://tools.wprdc.org/images/pittsburgh/bridges/Reservoir_Drive_Bridge.jpg,Highland Park,7,11,42003980100,2,11,5,3-9,40.48113335,-79.91733727
108,650860947,River Avenue Viaduct,Troy Hill,,,1986,https://tools.wprdc.org/images/pittsburgh/bridges/River_Avenue_Viaduct.jpg,Troy Hill,1,24,42003240600,6,24,1,1-1,40.46370968,-79.97989249
118,1458760894,South 28th Street Railroad Tunnel,Southside Flats,,,,,South Side Flats,3,16,42003160900,4,16,3,4-24,40.42782372,-79.96396427
130,886405226,Troy Hill Road Bridge,Troy Hill,,,,,Troy Hill,1,24,42003240600,1,24,1,1-2,40.45807063,-79.98789723
132,1530553272,Washington's Landing Pedestrian Bridge,Troy Hill,,,,https://tools.wprdc.org/images/pittsburgh/bridges/Washington's_Landing_Pedestrian_Bridge.jpg,,1,,42003240600,,,,1-1,40.46016384,-79.98187658
134,1958627636,West Carson Street Sidewalk,Elliott,,,,https://tools.wprdc.org/images/pittsburgh/bridges/West_Carson_Street_Sidewalk.jpg,Elliott,2,20,42003562600,5,20,6,1-17,40.44948695,-80.03500106
136,1110273438,West End Circle Bridge,West End,,,,https://tools.wprdc.org/images/pittsburgh/bridges/West_End_Circle_Bridge.jpg,West End,2,20,42003562600,5,20,6,1-17,40.44300795,-80.0307587