_id,id,name,street,to_street,year_constructed,public_view,inactive,height,length,image,neighborhood,council_district,ward,tract,public_works_division,pli_division,police_zone,fire_zone,latitude,longitude
201,1348123324,Josephine St,JOSEPHINE ST,,1940,True,False,8.5,233.0,,South Side Slopes,3,16,42003160800,4,16,3,4-22,40.41843903,-79.96523513
4,819232404,1039-1047 Arlington Ave East,ARLINGTON AVE,,1940,True,False,3.0,121.0,https://tools.wprdc.org/images/pittsburgh/retaining_walls/1039-1047_Arlington_Ave_East.jpg,Allentown,3,18,42003180300,4,18,3,4-5,40.42350707,-79.98886829
202,1188363839,Josephine St 2,JOSEPHINE ST,,1940,True,False,6.0,129.0,https://tools.wprdc.org/images/pittsburgh/retaining_walls/Josephine_St_2.jpg,South Side Slopes,3,16,42003160800,4,16,3,4-24,40.42327511,-79.96771141
260,1711348566,Mutual Park,BOWSER WAY,,,True,False,,200.0,https://tools.wprdc.org/images/pittsburgh/retaining_walls/Mutual_Park.jpg,Sheraden,2,20,42003202200,5,20,6,1-16,40.45186977,-80.06425469
263,956113630,N Charles St 2,N CHARLES ST,HAZELTON AVE,,True,False,,335.0,https://tools.wprdc.org/images/pittsburgh/retaining_walls/N_Charles_St_2.jpg,Perry South,6,26,42003261400,1,26,1,1-23,40.47108601,-80.00788428
264,2064412339,N Dithridge St,N DITHRIDGE ST,BIGELOW BLVD,,True,False,,375.0,https://tools.wprdc.org/images/pittsburgh/retaining_walls/N_Dithridge_St.jpg,North Oakland,6,5,42003562000,3,5,4,2-23,40.45205318,-79.95358982
265,1405025073,N. Charles St from Izora St,N CHARLES ST,,1935,True,False,10.0,206.0,https://tools.wprdc.org/images/pittsburgh/retaining_walls/N._Charles_St_from_Izora_St.jpg,Perry South,6,26,42003261500,1,26,1,1-12,40.46438923,-80.02065376
267,1613353231,Noblestown Rd 1,NOBLESTOWN RD,,1930,True,False,8.0,314.0,https://tools.wprdc.org/images/pittsburgh/retaining_walls/Noblestown_Rd_1.jpg,West End,2,20,42003562600,5,20,6,1-17,40.43880794,-80.03515687
46,1867325372,Banksville Ave at Anise St,BANKSVILLE AVE,,1986,True,False,8.0,126.0,,Banksville,2,20,42003202300,5,20,6,4-9,40.40730623,-80.03411237
268,37739198,Noblestown Rd 2,NOBLESTOWN RD,,1996,True,False,8.0,130.0,https://tools.wprdc.org/images/pittsburgh/retaining_walls/Noblestown_Rd_2.jpg,West End,2,20,42003562600,5,20,6,1-17,40.4398964,-80.03521169
269,73428506,Noblestown Rd 3,NOBLESTOWN RD,,,True,False,,130.0,https://tools.wprdc.org/images/pittsburgh/retaining_walls/Noblestown_Rd_3.jpg,Westwood,2,20,42003563100,5,20,6,1-17,40.43757393,-80.04234366
216,1817314949,Liberty Ave from 21st St to S 25th St,LIBERTY AVE,S 25TH ST,,True,False,,935.0,,Strip District,7,2,42003020300,6,2,2,2-25,40.452333,-79.98056981
218,1706044958,List St,LIST ST,,,True,False,,50.0,https://tools.wprdc.org/images/pittsburgh/retaining_walls/List_St.jpg,Spring Hill-City View,1,26,42003262000,1,26,1,1-11,40.46667016,-79.99737432
221,124049967,Luella St from Gershon St,LUELLA ST,,1937,True,False,9.0,480.0,https://tools.wprdc.org/images/pittsburgh/retaining_walls/Luella_St_from_Gershon_St.jpg,Spring Hill-City View,1,26,42003262000,1,26,1,1-11,40.46844577,-80.00013816
222,775765800,Luella St from South Side Ave to Shine Way,LUELLA ST,SHINE WAY,1937,True,False,5.0,95.0,https://tools.wprdc.org/images/pittsburgh/retaining_walls/Luella_St_from_South_Side_Ave_to_Shine_Way.jpg,Spring Hill-City View,1,26,42003262000,1,26,1,1-11,40.46977954,-79.99769725
271,869705885,Oakhill St,OAKHILL ST,,,True,False,,60.0,https://tools.wprdc.org/images/pittsburgh/retaining_walls/Oakhill_St.jpg,Marshall-Shadeland,1,27,42003271500,1,27,1,1-14,40.47224063,-80.03397149
272,352596746,Oakley Way 1,OAKLEY WAY,,,True,False,,65.0,https://tools.wprdc.org/images/pittsburgh/retaining_walls/Oakley_Way_1.jpg,South Side Slopes,3,16,42003160800,4,16,3,4-22,40.42129633,-79.96779821
273,1535120310,Oakley Way 2,OAKLEY WAY,,,True,False,,190.0,https://tools.wprdc.org/images/pittsburgh/retaining_walls/Oakley_Way_2.jpg,South Side Slopes,3,16,42003160800,4,16,3,4-22,40.42166142,-79.96867114
274,1070784668,Olympia Park 1,HALLOCK ST,,,True,False,,160.0,https://tools.wprdc.org/images/pittsburgh/retaining_walls/Olympia_Park_1.jpg,Mount Washington,2,19,42003190300,5,19,3,4-1,40.43109034,-80.01899752
203,131185491,Josephine St from Northview St,JOSEPHINE ST,,1940,True,False,5.5,264.0,,South Side Slopes,3,16,42003160800,4,16,3,4-22,40.42046396,-79.96405697
223,1766460401,Magee Park,GREENFIELD AVE,,1937,True,False,10.0,91.0,https://tools.wprdc.org/images/pittsburgh/retaining_walls/Magee_Park.jpg,Greenfield,5,15,42003151700,3,15,4,2-12,40.42589444,-79.93828413
224,1123598109,Maple Ave from E Burgess St to  McIntyre Ave,MAPLE AVE,E MC INTYRE AVE,1930,True,False,3.0,400.0,https://tools.wprdc.org/images/pittsburgh/retaining_walls/Maple_Ave_from_E_Burgess_St_to__McIntyre_Ave.jpg,Perry South,6,26,42003261400,1,26,1,1-22,40.46837486,-80.00837705
225,1367017810,Maple Ave from E Burgess St to Dead End,MAPLE AVE,DEAD END,1930,True,False,3.0,345.0,https://tools.wprdc.org/images/pittsburgh/retaining_walls/Maple_Ave_from_E_Burgess_St_to_Dead_End.jpg,Perry South,6,26,42003261400,1,26,1,1-22,40.46730011,-80.00848694
226,195454486,Mardo Way,MARDO WAY,,,True,False,,175.0,https://tools.wprdc.org/images/pittsburgh/retaining_walls/Mardo_Way.jpg,Elliott,2,20,42003562600,5,20,6,1-17,40.44344875,-80.03429016
275,127312141,Olympia Park 2,HALLOCK ST,,1957,True,False,6.0,399.0,https://tools.wprdc.org/images/pittsburgh/retaining_walls/Olympia_Park_2.jpg,Mount Washington,2,19,42003190300,5,19,3,4-1,40.43196032,-80.01875997
15,1042731246,907-911 Arlington Ave,ARLINGTON AVE,,1950,True,False,,15.0,,South Side Slopes,3,17,42003170600,4,17,3,4-5,40.42524432,-79.99037911
208,751953254,Kunle Way,KUNKLE WAY,DEAD END,1929,True,False,6.0,150.0,,California-Kirkbride,6,21,42003250700,1,21,1,1-9,40.46026809,-80.02399497
228,1577355540,Marland St,MARLAND ST,,,True,False,,200.0,https://tools.wprdc.org/images/pittsburgh/retaining_walls/Marland_St.jpg,Knoxville,3,30,42003300100,4,30,3,4-7,40.41199888,-79.99241877
276,1961882853,Olympia Park 3,OLYMPIA RD,,,True,False,,350.0,https://tools.wprdc.org/images/pittsburgh/retaining_walls/Olympia_Park_3.jpg,Mount Washington,2,19,42003190300,5,19,3,4-1,40.42997837,-80.01798357
277,2025548486,Omaha St,OMAHA ST,,1933,True,False,3.0,57.0,https://tools.wprdc.org/images/pittsburgh/retaining_walls/Omaha_St.jpg,Mount Washington,2,19,42003190300,5,19,3,4-1,40.4303382,-80.01390596
278,500592737,Omaha St from Amabell St,OMAHA ST,,1933,True,False,5.0,141.0,https://tools.wprdc.org/images/pittsburgh/retaining_walls/Omaha_St_from_Amabell_St.jpg,Mount Washington,2,19,42003190300,5,19,3,4-1,40.43036326,-80.01454263
279,1695959878,One Wild Place 2,ONE WILD PL,,,True,False,,205.0,https://tools.wprdc.org/images/pittsburgh/retaining_walls/One_Wild_Place_2.jpg,Highland Park,7,11,42003980100,2,11,5,3-9,40.48117465,-79.91904733
280,1983112988,One Wild Place from Butler St,ONE WILD PL,,1940,True,False,11.0,1100.0,https://tools.wprdc.org/images/pittsburgh/retaining_walls/One_Wild_Place_from_Butler_St.jpg,Highland Park,7,11,42003980100,2,11,5,3-9,40.48579293,-79.91997538
281,218896867,One Wild Place from Lake Drive 1,ONE WILD PL,,1994,True,False,4.5,204.0,https://tools.wprdc.org/images/pittsburgh/retaining_walls/One_Wild_Place_from_Lake_Drive_1.jpg,Highland Park,7,11,42003980100,2,11,5,3-9,40.48085345,-79.91916547
285,1645574218,Overbeck St 4,OVERBECK ST,,,True,False,,215.0,https://tools.wprdc.org/images/pittsburgh/retaining_walls/Overbeck_St_4.jpg,Spring Hill-City View,1,24,42003262000,1,24,1,1-24,40.46353698,-79.99724299
5,928916572,1059 Arlington Ave,ARLINGTON AVE,,1940,True,False,10.0,20.0,https://tools.wprdc.org/images/pittsburgh/retaining_walls/1059_Arlington_Ave.jpg,Allentown,3,18,42003180300,4,18,3,4-5,40.42336,-79.98955606
205,1672368729,Kirkpatrick St,KIRKPATRICK ST,,,True,False,,155.0,https://tools.wprdc.org/images/pittsburgh/retaining_walls/Kirkpatrick_St.jpg,West Oakland,6,4,42003040200,3,4,4,2-1,40.43876174,-79.97306517
213,60413308,Lelia St,LELIA ST,,1932,True,False,6.5,57.0,https://tools.wprdc.org/images/pittsburgh/retaining_walls/Lelia_St.jpg,Mount Washington,2,19,42003191500,5,19,3,4-27,40.42144718,-80.00685531
6,249980168,106 Chartiers Ave,CHARTIERS AVE,,1951,True,False,5.7,42.0,https://tools.wprdc.org/images/pittsburgh/retaining_walls/106_Chartiers_Ave.jpg,,2,,42003562800,,,6,,40.42462611,-80.07669456
286,1297802529,Overbeck St 5,OVERBECK ST,,2016,True,False,,140.0,https://tools.wprdc.org/images/pittsburgh/retaining_walls/Overbeck_St_5.jpg,Spring Hill-City View,1,24,42003262000,1,24,1,1-24,40.46334135,-79.99648069
287,1765920,Parade St,PARADE ST,,1997,True,False,4.0,115.0,https://tools.wprdc.org/images/pittsburgh/retaining_walls/Parade_St.jpg,Hazelwood,5,15,42003562900,3,15,4,2-12,40.41881106,-79.94171283
288,496006550,Parkwood Rd,PARKWOOD RD,,1930,True,False,6.0,105.0,https://tools.wprdc.org/images/pittsburgh/retaining_walls/Parkwood_Rd.jpg,Arlington,3,16,42003561600,4,16,3,4-8,40.41420354,-79.98042191
291,673432851,Pensdale St 1,PENSDALE ST,,1994,True,False,6.0,32.0,https://tools.wprdc.org/images/pittsburgh/retaining_walls/Pensdale_St_1.jpg,Oakwood,2,28,42003562800,5,28,6,1-19,40.42847244,-80.0647959
292,1344802866,Pensdale St 2,PENSDALE ST,,1936,True,False,5.0,160.0,https://tools.wprdc.org/images/pittsburgh/retaining_walls/Pensdale_St_2.jpg,Oakwood,2,28,42003562800,5,28,6,1-19,40.42767335,-80.06413042
20,411920546,Alter St from Norland St,ALTER ST,,1981,True,False,74.5,94.0,https://tools.wprdc.org/images/pittsburgh/retaining_walls/Alter_St_from_Norland_St.jpg,East Carnegie,2,28,42003562800,5,28,6,1-19,40.41428709,-80.07381542
21,1116601576,Althea St at Bernd St,ALTHEA ST,,1906,True,False,20.0,50.0,https://tools.wprdc.org/images/pittsburgh/retaining_walls/Althea_St_at_Bernd_St.jpg,Beltzhoover,4,18,42003562400,4,18,3,4-21,40.41429234,-79.99811094
229,312599620,McCandless Ave from Stanton Ave,MCCANDLESS ST,,1976,True,False,9.0,300.0,https://tools.wprdc.org/images/pittsburgh/retaining_walls/McCandless_Ave_from_Stanton_Ave.jpg,Stanton Heights,9,10,42003101800,2,10,5,3-5,40.477951,-79.94788608
230,797058217,McClaren St,MCCLARREN ST,,,True,False,,115.0,https://tools.wprdc.org/images/pittsburgh/retaining_walls/McClaren_St.jpg,Middle Hill,6,5,42003050100,3,5,2,2-5,40.44678161,-79.97501528
234,1968049727,McCullough St,MCCULLOUGH ST,,1942,True,False,7.5,122.0,https://tools.wprdc.org/images/pittsburgh/retaining_walls/McCullough_St.jpg,California-Kirkbride,6,25,42003250700,1,25,1,1-21,40.45936252,-80.01697638
235,1638379581,McKinley Park,BAUSMAN ST,,,True,False,,300.0,https://tools.wprdc.org/images/pittsburgh/retaining_walls/McKinley_Park.jpg,Beltzhoover,4,18,42003562400,4,18,3,4-7,40.41265565,-79.99940957
236,95043316,McKinley Park 2,MICHIGAN ST,,,True,False,,70.0,https://tools.wprdc.org/images/pittsburgh/retaining_walls/McKinley_Park_2.jpg,Beltzhoover,4,18,42003562400,4,18,3,4-16,40.41574785,-80.00296492
237,638366953,Melwood Ave 1,MELWOOD AVE,,1915,True,False,4.5,185.0,https://tools.wprdc.org/images/pittsburgh/retaining_walls/Melwood_Ave_1.jpg,Polish Hill,7,6,42003060500,6,6,2,2-6,40.45829027,-79.96346275
206,1684514907,Kirkpatrick St from Gazzam St,KIRKPATRICK ST,,,True,False,,55.0,https://tools.wprdc.org/images/pittsburgh/retaining_walls/Kirkpatrick_St_from_Gazzam_St.jpg,West Oakland,6,4,42003040200,3,4,4,2-1,40.43964669,-79.97287875
214,834705385,Lena Way,LENA WAY,,1984,True,False,4.5,111.0,https://tools.wprdc.org/images/pittsburgh/retaining_walls/Lena_Way.jpg,Mount Washington,2,19,42003191500,5,19,3,4-27,40.42009618,-80.01370596
238,1790802105,Melwood Ave 2,MELWOOD AVE,,1980,True,False,,80.0,https://tools.wprdc.org/images/pittsburgh/retaining_walls/Melwood_Ave_2.jpg,North Oakland,6,5,42003562000,3,5,4,2-23,40.45898591,-79.95621542
293,1514065223,Phelan Way 1,PHELAN WAY,,1993,True,False,11.0,150.0,https://tools.wprdc.org/images/pittsburgh/retaining_walls/Phelan_Way_1.jpg,Polish Hill,7,6,42003060500,6,6,2,2-6,40.45629181,-79.96665523
299,58221072,PJ McArdle Upper 3,P J MC ARDLE RDWY,,,True,False,12.0,3696.0,,Mount Washington,2,19,42003190300,5,19,3,4-27,40.43306774,-80.00816384
300,403754096,PJ McArdle Upper 4,P J MC ARDLE RDWY,,,True,False,5.0,488.0,,South Shore,3,18,42003980700,5,18,3,4-27,40.42986502,-80.00104658
301,1772217966,Planet St,PLANET ST,,1950,True,False,2.3,103.0,https://tools.wprdc.org/images/pittsburgh/retaining_walls/Planet_St.jpg,Elliott,2,20,42003562600,5,20,6,1-17,40.44183795,-80.03559412
302,1885351528,Portman St,PORTMAN AVE,,,True,False,,210.0,https://tools.wprdc.org/images/pittsburgh/retaining_walls/Portman_St.jpg,Perry North,1,26,42003260200,1,26,1,1-15,40.48976364,-80.02213561
7,2127736760,1075-1079 Arlington Ave,ARLINGTON AVE,,1940,True,False,6.3,139.0,https://tools.wprdc.org/images/pittsburgh/retaining_walls/1075-1079_Arlington_Ave.jpg,Allentown,3,18,42003180300,4,18,3,4-5,40.42299456,-79.99001828
8,54416826,118 Chartiers Ave,CHARTIERS AVE,,1951,True,False,4.5,70.0,https://tools.wprdc.org/images/pittsburgh/retaining_walls/118_Chartiers_Ave.jpg,,2,,42003562800,,,6,,40.42444154,-80.07746485
207,1136268821,Kuhn St from Dilworth St,KUHN ST,,1958,True,False,6.5,101.0,https://tools.wprdc.org/images/pittsburgh/retaining_walls/Kuhn_St_from_Dilworth_St.jpg,Mount Washington,2,19,42003191400,5,19,3,4-27,40.42530678,-80.01261414
215,1273709441,Leticoe St 1,LETICOE ST,,,True,False,,145.0,https://tools.wprdc.org/images/pittsburgh/retaining_walls/Leticoe_St_1.jpg,South Side Slopes,3,16,42003160800,4,16,3,4-24,40.42365854,-79.97276704
239,1015470657,Melwood Ave 3,MELWOOD AVE,,,True,False,,245.0,https://tools.wprdc.org/images/pittsburgh/retaining_walls/Melwood_Ave_3.jpg,Polish Hill,7,6,42003060500,6,6,2,2-6,40.46013444,-79.95791071
240,865364324,Merrimac St from Omaha St to Woodruff St,MERRIMAC ST,WOODRUFF ST,1950,True,False,7.0,89.0,https://tools.wprdc.org/images/pittsburgh/retaining_walls/Merrimac_St_from_Omaha_St_to_Woodruff_St.jpg,Mount Washington,2,19,42003190300,5,19,3,4-1,40.43032504,-80.01383082
241,1405232353,Milroy St 1,MILROY ST,,1946,True,False,7.5,110.0,https://tools.wprdc.org/images/pittsburgh/retaining_walls/Milroy_St_1.jpg,Perry South,1,26,42003261500,1,26,1,1-23,40.47597736,-80.01206614
10,1054022496,2915-2935 Arlington Ave,ARLINGTON AVE,S 10TH ST,,True,False,,240.0,,South Side Slopes,3,16,42003160800,4,16,3,4-22,40.41724298,-79.96680343
12,23973487,803-809 Arlington Ave,ARLINGTON AVE,,1940,True,False,6.0,95.0,https://tools.wprdc.org/images/pittsburgh/retaining_walls/803-809_Arlington_Ave.jpg,South Side Slopes,3,17,42003170600,4,17,3,4-5,40.42600855,-79.99139377
242,1733060043,Milroy St 2,MILROY ST,,1984,True,False,9.5,147.0,https://tools.wprdc.org/images/pittsburgh/retaining_walls/Milroy_St_2.jpg,Perry North,1,26,42003260700,1,26,1,1-23,40.47601204,-80.01220026
243,167008413,Mindora St,MINDORA ST,,1982,True,False,7.5,35.0,https://tools.wprdc.org/images/pittsburgh/retaining_walls/Mindora_St.jpg,Mount Washington,4,19,42003191500,5,19,3,4-27,40.42055101,-80.01121097
244,1942742598,Minnesota St,MINNESOTA ST,TAN WAY,,True,False,,350.0,https://tools.wprdc.org/images/pittsburgh/retaining_walls/Minnesota_St.jpg,Greenfield,5,15,42003151700,3,15,4,2-12,40.42481672,-79.93847979
245,1863287959,Mission St 1,MISSION ST,,,True,False,,125.0,https://tools.wprdc.org/images/pittsburgh/retaining_walls/Mission_St_1.jpg,South Side Slopes,3,16,42003160800,4,16,3,4-22,40.42276295,-79.9710659
22,1094142942,Amabell St,AMABELL ST,,,True,False,,150.0,https://tools.wprdc.org/images/pittsburgh/retaining_walls/Amabell_St.jpg,Mount Washington,2,19,42003190300,5,19,3,4-1,40.43405822,-80.01401781
310,852385307,Riverview Ave 1,RIVERVIEW AVE,,1950,True,False,2.0,335.0,https://tools.wprdc.org/images/pittsburgh/retaining_walls/Riverview_Ave_1.jpg,Perry North,1,26,42003980400,1,26,1,1-15,40.48187145,-80.01941457
311,1360343411,Riverview Ave 2,RIVERVIEW AVE,,1950,True,False,9.8,131.0,https://tools.wprdc.org/images/pittsburgh/retaining_walls/Riverview_Ave_2.jpg,Perry North,1,26,42003980400,1,26,1,1-15,40.4813933,-80.02172336
312,151922129,Riverview Ave 3,RIVERVIEW AVE,,1950,True,False,6.0,130.0,https://tools.wprdc.org/images/pittsburgh/retaining_walls/Riverview_Ave_3.jpg,Perry North,1,26,42003980400,1,26,1,1-15,40.48167688,-80.02272105
217,519821099,Linwood Ave,LINWOOD AVE,TRIMBER ST,1930,True,False,6.0,205.0,https://tools.wprdc.org/images/pittsburgh/retaining_walls/Linwood_Ave.jpg,Perry South,6,26,42003261500,1,26,1,1-12,40.46990109,-80.01411054
249,2028319931,Monroe St 2,MONROE ST,,1956,True,False,5.0,155.0,https://tools.wprdc.org/images/pittsburgh/retaining_walls/Monroe_St_2.jpg,Upper Hill,6,5,42003050600,3,5,2,2-24,40.45647448,-79.96124116
250,931485310,Mooney Rd 1,MOONEY RD,,1980,True,False,,80.0,https://tools.wprdc.org/images/pittsburgh/retaining_walls/Mooney_Rd_1.jpg,Lincoln Place,5,31,42003310200,3,31,4,4-20,40.3788139,-79.92294447
252,344432143,Morningside Ave,MORNINGSIDE AVE,,1980,True,False,24.0,284.0,https://tools.wprdc.org/images/pittsburgh/retaining_walls/Morningside_Ave.jpg,Morningside,7,10,42003101400,2,10,5,3-7,40.4754661,-79.93170526
253,644756209,Mossfield St 1,MOSSFIELD ST,,1985,True,False,5.5,360.0,,Garfield,9,10,42003101600,2,10,5,3-4,40.47277349,-79.94036556
313,1848049262,Riverview Ave 4,RIVERVIEW AVE,,1950,True,False,6.0,103.0,https://tools.wprdc.org/images/pittsburgh/retaining_walls/Riverview_Ave_4.jpg,Perry North,1,26,42003980400,1,26,1,1-15,40.48239908,-80.023287
23,897127206,Amanda Ave,AMANDA AVE,LOYAL WAY,,True,False,,145.0,https://tools.wprdc.org/images/pittsburgh/retaining_walls/Amanda_Ave.jpg,South Side Slopes,3,17,42003170600,4,17,3,4-6,40.4194089,-79.98800833
60,1848557964,Bellingham Ave 2,BELLINGHAM AVE,,,True,False,,65.0,,Banksville,2,20,42003202300,5,20,6,4-9,40.40462213,-80.03772545
258,1881209556,Mt Washington Park 2,NORTON ST,,,True,False,,180.0,https://tools.wprdc.org/images/pittsburgh/retaining_walls/Mt_Washington_Park_2.jpg,Mount Washington,2,19,42003191400,5,19,3,4-27,40.42475896,-80.01417202
259,404190463,Murray Ave,MURRAY AVE,,1979,True,False,12.0,150.0,https://tools.wprdc.org/images/pittsburgh/retaining_walls/Murray_Ave.jpg,Squirrel Hill South,5,14,42003141400,3,14,4,2-21,40.42805902,-79.9253489
289,1811605810,Paulowna St,PAULOWNA ST,,,True,False,,485.0,https://tools.wprdc.org/images/pittsburgh/retaining_walls/Paulowna_St.jpg,Polish Hill,7,6,42003060500,6,6,2,2-6,40.45591041,-79.96659967
303,1650483390,Primrose St,PRIMROSE ST,,1930,True,False,,130.0,https://tools.wprdc.org/images/pittsburgh/retaining_walls/Primrose_St.jpg,South Side Slopes,3,16,42003160800,4,16,3,4-22,40.42122836,-79.97283364
304,1631287396,Princess Ave,PRINCESS AVE,,1960,True,False,4.0,100.0,https://tools.wprdc.org/images/pittsburgh/retaining_walls/Princess_Ave.jpg,Beechview,4,19,42003191600,5,19,6,4-28,40.41226818,-80.01739535
315,447085190,Riverview Park Soccer Field 1,MAIRDALE AVE,,,True,False,,390.0,https://tools.wprdc.org/images/pittsburgh/retaining_walls/Riverview_Park_Soccer_Field_1.jpg,Perry North,1,26,42003980400,1,26,1,1-15,40.48904618,-80.02163978
316,2124219274,Rothpletz St 1,ROTHPLETZ ST,,,True,False,,90.0,https://tools.wprdc.org/images/pittsburgh/retaining_walls/Rothpletz_St_1.jpg,Marshall-Shadeland,1,27,42003271500,1,27,1,1-14,40.47612627,-80.02778295
209,1716618998,Lake Drive,LAKE DR,,,True,False,,1390.0,https://tools.wprdc.org/images/pittsburgh/retaining_walls/Lake_Drive.jpg,Highland Park,7,11,42003980100,2,11,5,3-9,40.48476066,-79.91359269
210,114001443,Lake Drive 2,LAKE DR,,,True,False,,140.0,https://tools.wprdc.org/images/pittsburgh/retaining_walls/Lake_Drive_2.jpg,Highland Park,7,11,42003980100,2,11,5,3-9,40.47570243,-79.9108968
317,1899430677,Rothpletz St 2,ROTHPLETZ ST,,,True,False,,140.0,https://tools.wprdc.org/images/pittsburgh/retaining_walls/Rothpletz_St_2.jpg,Marshall-Shadeland,1,27,42003271500,1,27,1,1-14,40.47572841,-80.02709094
319,1429903931,Rubric St,RUBRIC ST,DEAD END,1993,True,False,8.0,244.0,https://tools.wprdc.org/images/pittsburgh/retaining_walls/Rubric_St.jpg,Brighton Heights,1,27,42003270300,1,27,1,1-14,40.47601388,-80.03686435
321,1496542140,S 18th St from 2359 to St. Patrick St.,S 18TH ST,,1950,True,False,5.5,420.0,https://tools.wprdc.org/images/pittsburgh/retaining_walls/S_18th_St_from_2359_to_St._Patrick_St..jpg,South Side Slopes,3,17,42003170600,4,17,3,4-3,40.42123429,-79.98225161
325,1475711581,Sacramento Ave,SACRAMENTO AVE,,1994,True,False,3.5,118.0,https://tools.wprdc.org/images/pittsburgh/retaining_walls/Sacramento_Ave.jpg,Sheraden,2,20,42003562500,5,20,6,1-16,40.45592208,-80.04867365
326,93303241,Schenley Drive,SCHENLEY DR,,,True,False,,1500.0,https://tools.wprdc.org/images/pittsburgh/retaining_walls/Schenley_Drive.jpg,Squirrel Hill South,5,14,42003980500,3,14,4,2-8,40.43932531,-79.94477597
11,973665188,801 Arlington Ave,ARLINGTON AVE,,1940,True,False,5.0,20.0,https://tools.wprdc.org/images/pittsburgh/retaining_walls/801_Arlington_Ave.jpg,South Side Slopes,3,17,42003170600,4,17,3,4-5,40.42613109,-79.99161721
13,1707274409,815-907 Arlington Ave E,ARLINGTON AVE,,1940,True,False,14.0,217.0,https://tools.wprdc.org/images/pittsburgh/retaining_walls/815-907_Arlington_Ave_E.jpg,South Side Slopes,3,17,42003170600,4,17,3,4-5,40.42556122,-79.9906746
24,1895983924,Andick Way,ANDICK WAY,DAGMAR AVE,1984,True,False,3.0,115.0,https://tools.wprdc.org/images/pittsburgh/retaining_walls/Andick_Way.jpg,Beechview,4,19,42003191600,5,19,6,4-28,40.41396249,-80.02252764
305,274137414,Pusey St,PUSEY ST,,1992,True,False,13.0,123.0,https://tools.wprdc.org/images/pittsburgh/retaining_walls/Pusey_St.jpg,Perry South,6,26,42003261500,1,26,1,1-23,40.47204759,-80.00954169
306,87889671,Reed St,REED ST,,,True,False,,125.0,https://tools.wprdc.org/images/pittsburgh/retaining_walls/Reed_St.jpg,Crawford-Roberts,6,3,42003030500,3,3,2,2-1,40.44113762,-79.98087195
307,562771339,Regina St,REGINA ST,,1940,True,False,,300.0,https://tools.wprdc.org/images/pittsburgh/retaining_walls/Regina_St.jpg,South Side Slopes,3,17,42003170600,4,17,3,4-6,40.4229365,-79.98607339
308,616598816,Richbarn Rd,RICHBARN RD,,,True,False,,75.0,https://tools.wprdc.org/images/pittsburgh/retaining_walls/Richbarn_Rd.jpg,Brighton Heights,1,27,42003270800,1,27,1,1-14,40.48706513,-80.03694035
327,1523629931,Schenley Golf Course,SCHENLEY DR,,,True,False,,140.0,https://tools.wprdc.org/images/pittsburgh/retaining_walls/Schenley_Golf_Course.jpg,Squirrel Hill North,5,14,42003140100,3,14,4,2-8,40.43788587,-79.93451289
328,1592115734,Schnittgen St,SCHNUTTGEN ST,,,True,False,,85.0,https://tools.wprdc.org/images/pittsburgh/retaining_walls/Schnittgen_St.jpg,Spring Hill-City View,1,26,42003262000,1,26,1,1-11,40.46703716,-79.99666495
329,1581248914,Sebring Ave,SEBRING AVE,,1983,True,False,12.0,86.0,https://tools.wprdc.org/images/pittsburgh/retaining_walls/Sebring_Ave.jpg,Beechview,4,19,42003191600,5,19,6,4-28,40.41198305,-80.01166642
330,689671591,Secane Ave,SECANE AVE,,1950,True,False,5.0,66.0,https://tools.wprdc.org/images/pittsburgh/retaining_walls/Secane_Ave.jpg,Mount Washington,3,18,42003180700,5,18,3,4-5,40.42227144,-80.00267945
331,1636022443,Serpentine Dr 2,SERPENTINE DR,,,True,False,,1525.0,https://tools.wprdc.org/images/pittsburgh/retaining_walls/Serpentine_Dr_2.jpg,Squirrel Hill South,5,14,42003980500,3,14,4,2-8,40.43512067,-79.93592558
211,3451582,Langley St,LANGLEY ST,,,True,False,,35.0,https://tools.wprdc.org/images/pittsburgh/retaining_walls/Langley_St.jpg,Perry South,6,25,42003261400,1,25,1,1-10,40.46265223,-80.01269139
309,967888658,Ridgway St,RIDGWAY ST,,,True,False,,455.0,https://tools.wprdc.org/images/pittsburgh/retaining_walls/Ridgway_St.jpg,Polish Hill,7,6,42003060500,3,6,2,2-24,40.45828578,-79.95844333
314,1739474126,Riverview Ave 5,RIVERVIEW AVE,,,True,False,,70.0,https://tools.wprdc.org/images/pittsburgh/retaining_walls/Riverview_Ave_5.jpg,Perry North,1,26,42003980400,1,26,1,1-15,40.482341,-80.01803172
318,111575183,Royal St,ROYAL ST,,,True,False,,270.0,https://tools.wprdc.org/images/pittsburgh/retaining_walls/Royal_St.jpg,Spring Hill-City View,1,26,42003262000,1,26,1,1-11,40.46668935,-79.99909101
320,1129531614,S 18th St at Quarry Way,S 18TH ST,,1950,True,False,9.0,105.0,https://tools.wprdc.org/images/pittsburgh/retaining_walls/S_18th_St_at_Quarry_Way.jpg,South Side Slopes,3,17,42003170600,4,17,3,4-6,40.41951594,-79.98775036
3,1758453574,1031-1039 Arlington Ave,ARLINGTON AVE,,1940,True,False,15.0,57.0,https://tools.wprdc.org/images/pittsburgh/retaining_walls/1031-1039_Arlington_Ave.jpg,Allentown,3,18,42003180300,4,18,3,4-5,40.42374342,-79.98852966
322,2100485631,S 18th St from Crosman St,S 18TH ST,,1950,True,False,5.5,699.0,https://tools.wprdc.org/images/pittsburgh/retaining_walls/S_18th_St_from_Crosman_St.jpg,South Side Slopes,3,17,42003160800,4,17,3,4-3,40.42237057,-79.9782045
323,306003100,S 18th St from Josephine St,S 18TH ST,,1950,True,False,4.5,310.0,https://tools.wprdc.org/images/pittsburgh/retaining_walls/S_18th_St_from_Josephine_St.jpg,South Side Slopes,3,17,42003170600,4,17,3,4-24,40.42467546,-79.97924884
324,1105254411,S 18th St from St Patrick St,S 18TH ST,,1950,True,False,4.5,255.0,https://tools.wprdc.org/images/pittsburgh/retaining_walls/S_18th_St_from_St_Patrick_St.jpg,South Side Slopes,3,17,42003170600,4,17,3,4-3,40.42150019,-79.98285832
332,258134983,Serpentine Dr from Bartlett Rd,SERPENTINE DR,,,True,False,,120.0,https://tools.wprdc.org/images/pittsburgh/retaining_walls/Serpentine_Dr_from_Bartlett_Rd.jpg,Squirrel Hill South,5,14,42003980500,3,14,4,2-8,40.43417006,-79.93438896
333,1648127258,Serpentine Drive 1,SERPENTINE DR,,,True,False,,850.0,https://tools.wprdc.org/images/pittsburgh/retaining_walls/Serpentine_Drive_1.jpg,Squirrel Hill South,5,14,42003980500,3,14,4,2-8,40.43487993,-79.93575241
334,1942084936,Shaler St,SHALER ST,,,True,False,,55.0,https://tools.wprdc.org/images/pittsburgh/retaining_walls/Shaler_St.jpg,Duquesne Heights,2,19,42003191100,5,19,3,4-1,40.43637266,-80.02630512
335,1494249504,Shamokin St,SHAMOKIN ST,,1995,True,False,4.0,187.0,https://tools.wprdc.org/images/pittsburgh/retaining_walls/Shamokin_St.jpg,South Side Slopes,3,17,42003170600,4,17,3,4-3,40.42242404,-79.98061061
336,779711472,Shelly St 1,SHELLY ST,,,True,False,,70.0,https://tools.wprdc.org/images/pittsburgh/retaining_walls/Shelly_St_1.jpg,South Side Slopes,3,16,42003160800,4,16,3,4-24,40.42301922,-79.96887543
338,740367948,Shelly St 4,SHELLY ST,,,True,False,,115.0,,South Side Slopes,3,16,42003160800,4,16,3,4-24,40.42268904,-79.96806114
212,2034634913,Langtry St,LANGTRY ST,,1925,True,False,7.0,123.0,https://tools.wprdc.org/images/pittsburgh/retaining_walls/Langtry_St.jpg,Marshall-Shadeland,1,27,42003271500,1,27,1,1-14,40.47764629,-80.02791329
220,745287249,Lotus Way,LOTUS WAY,,,True,False,,200.0,https://tools.wprdc.org/images/pittsburgh/retaining_walls/Lotus_Way.jpg,Upper Lawrenceville,7,10,42003101100,2,10,2,3-5,40.48057241,-79.94940966
266,99598299,Neeb St,NEEB ST,,,True,False,,50.0,,Greenfield,5,15,42003151600,3,15,4,2-12,40.42772712,-79.94069745
339,1558082458,Shelly St 5,SHELLY ST,,,True,False,,100.0,,South Side Slopes,3,16,42003160800,4,16,3,4-24,40.42207235,-79.96740127
340,499303556,Shelly St from Stella St to Dead End,SHELLY ST,DEAD END,,True,False,,295.0,,South Side Slopes,3,16,42003160800,4,16,3,4-24,40.42215251,-79.96771986
341,1530190976,Sierra St,SIERRA ST,,1930,True,False,,180.0,https://tools.wprdc.org/images/pittsburgh/retaining_walls/Sierra_St.jpg,South Side Slopes,3,16,42003160800,4,16,3,4-22,40.42162468,-79.97293118
342,1644784810,Singer Place,SINGER PL,,,True,False,,110.0,https://tools.wprdc.org/images/pittsburgh/retaining_walls/Singer_Place.jpg,East Hills,9,13,42003130600,2,13,5,3-17,40.45104698,-79.8835042
14,1913027427,815-907 Arlington Ave W,ARLINGTON AVE,,1940,True,False,18.0,217.0,https://tools.wprdc.org/images/pittsburgh/retaining_walls/815-907_Arlington_Ave_W.jpg,Allentown,3,18,42003180300,4,18,3,4-5,40.42564821,-79.99108502
16,114144456,913-919 Arlington Ave,ARLINGTON AVE,,1940,True,False,16.0,77.0,https://tools.wprdc.org/images/pittsburgh/retaining_walls/913-919_Arlington_Ave.jpg,South Side Slopes,3,17,42003170600,4,17,3,4-5,40.42505128,-79.99022221
343,1568474240,Smithton Ave,SMITHTON AVE,,1980,True,False,10.0,56.0,https://tools.wprdc.org/images/pittsburgh/retaining_walls/Smithton_Ave.jpg,Marshall-Shadeland,1,27,42003271500,1,27,1,1-14,40.47457183,-80.02806473
344,472642878,Solar St 1,SOLAR ST,,1938,True,False,,110.0,https://tools.wprdc.org/images/pittsburgh/retaining_walls/Solar_St_1.jpg,Spring Hill-City View,1,24,42003262000,1,24,1,1-24,40.4638618,-79.99842758
204,1797434624,Kirk Ave,KIRK AVE,,,True,False,,380.0,https://tools.wprdc.org/images/pittsburgh/retaining_walls/Kirk_Ave.jpg,Carrick,4,29,42003290400,4,29,3,4-15,40.38819604,-79.97696627
345,1847976375,Solar St 2,SOLAR ST,,,True,False,,40.0,https://tools.wprdc.org/images/pittsburgh/retaining_walls/Solar_St_2.jpg,Spring Hill-City View,1,24,42003262000,1,24,1,1-24,40.46286901,-79.9968042
346,1751154829,Sorento St,SORENTO ST,,1874,True,False,3.0,100.0,https://tools.wprdc.org/images/pittsburgh/retaining_walls/Sorento_St.jpg,Marshall-Shadeland,1,27,42003271500,1,27,1,1-14,40.47546985,-80.02986269
347,1872482406,Southern Ave at Boggs Ave,SOUTHERN AVE,,,True,False,20.0,163.0,https://tools.wprdc.org/images/pittsburgh/retaining_walls/Southern_Ave_at_Boggs_Ave.jpg,Mount Washington,4,19,42003191500,5,19,3,4-27,40.41585352,-80.01322811
348,1602344280,Southside Park,ESOP WAY,,,True,False,,190.0,https://tools.wprdc.org/images/pittsburgh/retaining_walls/Southside_Park.jpg,South Side Slopes,3,16,42003160800,4,16,3,4-22,40.41855423,-79.97846518
350,1278237426,St Martin St,ST MARTIN ST,,,True,False,,220.0,https://tools.wprdc.org/images/pittsburgh/retaining_walls/St_Martin_St.jpg,South Side Slopes,3,17,42003170600,4,17,3,4-6,40.42243406,-79.98782918
19,1453059856,Alroy Way,ALROY WAY,,,True,False,,25.0,https://tools.wprdc.org/images/pittsburgh/retaining_walls/Alroy_Way.jpg,Troy Hill,1,24,42003240600,1,24,1,1-2,40.46957486,-79.97788943
25,1983971404,Andover Terrace,ANDOVER TER,ALPENA ST,1993,True,False,4.5,1373.0,https://tools.wprdc.org/images/pittsburgh/retaining_walls/Andover_Terrace.jpg,Upper Hill,6,5,42003050600,3,5,2,2-22,40.45165323,-79.95556144
352,433496446,St Thomas St,ST THOMAS ST,ST MARTIN ST,1995,True,False,4.0,120.0,https://tools.wprdc.org/images/pittsburgh/retaining_walls/St_Thomas_St.jpg,South Side Slopes,3,17,42003170600,4,17,3,4-6,40.42228452,-79.98536928
26,1643857861,Angle St,ANGLE ST,ADVENT ST,1985,True,False,4.0,237.0,https://tools.wprdc.org/images/pittsburgh/retaining_walls/Angle_St.jpg,Elliott,2,20,42003562600,5,20,6,1-17,40.44463318,-80.03127417
27,626431157,Antenor Ave,ANTENOR AVE,,,True,False,,160.0,https://tools.wprdc.org/images/pittsburgh/retaining_walls/Antenor_Ave.jpg,Carrick,4,32,42003290400,4,32,3,4-23,40.38506317,-79.98989133
28,1553767243,Arbor St 2,ARBOR ST,,,True,False,,108.0,https://tools.wprdc.org/images/pittsburgh/retaining_walls/Arbor_St_2.jpg,Lincoln-Lemington-Belmar,9,12,42003120300,2,12,5,3-15,40.46540805,-79.89987608
29,731158449,Arlingon Ave from PJ McArdle Roadway,ARLINGTON AVE,,,True,False,,125.0,,South Side Slopes,3,18,42003170600,4,18,3,4-2,40.42928135,-79.99867667
353,1470319626,Stadium St 1,STADIUM ST,,1985,True,False,4.5,130.0,https://tools.wprdc.org/images/pittsburgh/retaining_walls/Stadium_St_1.jpg,Sheraden,2,20,42003562500,5,20,6,1-16,40.46096621,-80.05391211
30,225380942,Arlington Ave at Fitler St,ARLINGTON AVE,S 10TH ST,,True,False,,145.0,https://tools.wprdc.org/images/pittsburgh/retaining_walls/Arlington_Ave_at_Fitler_St.jpg,South Side Slopes,3,16,42003160800,4,16,3,4-22,40.41769714,-79.97033609
31,260951880,Arlington Ave from Hartford St,ARLINGTON AVE,,1966,True,False,15.0,396.0,https://tools.wprdc.org/images/pittsburgh/retaining_walls/Arlington_Ave_from_Hartford_St.jpg,Allentown,3,18,42003180300,4,18,3,4-5,40.4248161,-79.98932185
354,2004686879,Stadium St 2,STADIUM ST,,1985,True,False,8.0,266.0,https://tools.wprdc.org/images/pittsburgh/retaining_walls/Stadium_St_2.jpg,Sheraden,2,20,42003562500,5,20,6,1-16,40.46076786,-80.05512203
355,1281187161,Stanton Ave 1,STANTON AVE,,1950,True,False,2.5,176.0,https://tools.wprdc.org/images/pittsburgh/retaining_walls/Stanton_Ave_1.jpg,Highland Park,9,11,42003980100,2,11,5,3-9,40.469483,-79.91204896
356,1143798501,Stanton Ave 2,STANTON AVE,,,True,False,,145.0,https://tools.wprdc.org/images/pittsburgh/retaining_walls/Stanton_Ave_2.jpg,Stanton Heights,7,10,42003101800,2,10,5,3-7,40.47775007,-79.93260207
357,746575298,Stanton Ave 3,STANTON AVE,,,True,False,,118.0,https://tools.wprdc.org/images/pittsburgh/retaining_walls/Stanton_Ave_3.jpg,Stanton Heights,7,10,42003101800,2,10,5,3-7,40.47737752,-79.93253501
358,1325662547,Stanton Ave 4,STANTON AVE,,1975,True,False,6.5,260.0,https://tools.wprdc.org/images/pittsburgh/retaining_walls/Stanton_Ave_4.jpg,Stanton Heights,7,10,42003101800,2,10,5,3-7,40.47685469,-79.93240793
360,1471009106,Steuben St,STEUBEN ST,,1983,True,False,10.0,292.0,https://tools.wprdc.org/images/pittsburgh/retaining_walls/Steuben_St.jpg,Elliott,2,20,42003562600,5,20,6,1-17,40.44112906,-80.03794847
155,53080314,Gertrude St,GERTRUDE ST,,1905,True,False,3.4,76.0,,Hazelwood,5,15,42003562300,3,15,4,2-13,40.40872326,-79.94211222
361,565630839,Straka St,STRAKA ST,,1961,True,False,5.0,125.0,https://tools.wprdc.org/images/pittsburgh/retaining_walls/Straka_St.jpg,Sheraden,2,20,42003202200,5,20,6,1-16,40.4526026,-80.05496429
219,1967467134,Lombard St,LOMBARD ST,,,True,False,,230.0,https://tools.wprdc.org/images/pittsburgh/retaining_walls/Lombard_St.jpg,Crawford-Roberts,6,3,42003030500,3,3,2,2-1,40.44071285,-79.97975508
227,1609934791,Marietta St,MARIETTA ST,,1989,True,False,6.0,300.0,https://tools.wprdc.org/images/pittsburgh/retaining_walls/Marietta_St.jpg,Stanton Heights,7,10,42003101800,2,10,5,3-7,40.4887663,-79.92981774
362,1721009501,Sullivan Park,36TH ST,CABINET WAY,,True,False,,825.0,https://tools.wprdc.org/images/pittsburgh/retaining_walls/Sullivan_Park.jpg,Lower Lawrenceville,7,6,42003060300,2,6,2,3-6,40.46236253,-79.96366836
363,1691326252,Sullivan Park 2,CABINET WAY,,,True,False,,120.0,,Lower Lawrenceville,7,6,42003060300,2,6,2,3-6,40.46301355,-79.96333648
364,1857727795,Sumner St,SUMNER ST,,2014,True,False,2.5,147.0,https://tools.wprdc.org/images/pittsburgh/retaining_walls/Sumner_St.jpg,South Side Slopes,3,16,42003160800,4,16,3,4-22,40.42095394,-79.96923389
365,1023686689,Sunset Ave,SUNSET AVE,,1985,True,False,6.0,142.0,https://tools.wprdc.org/images/pittsburgh/retaining_walls/Sunset_Ave.jpg,Spring Hill-City View,1,26,42003262000,1,26,1,1-11,40.47035734,-80.00006462
367,880230471,Telescope St,,,1930,True,False,9.5,128.0,https://tools.wprdc.org/images/pittsburgh/retaining_walls/Telescope_St.jpg,South Side Slopes,3,16,42003160800,4,16,3,4-24,40.42285995,-79.96716178
368,624482054,Terrace St,TERRACE ST,,,True,False,,105.0,https://tools.wprdc.org/images/pittsburgh/retaining_walls/Terrace_St.jpg,West Oakland,6,4,42003040200,3,4,4,2-10,40.44030349,-79.96529403
9,969866988,1749 Perrysville Ave,PERRYSVILLE AVE,,,True,False,,115.0,https://tools.wprdc.org/images/pittsburgh/retaining_walls/1749_Perrysville_Ave.jpg,Central Northside,6,25,42003250300,1,25,1,1-10,40.45990567,-80.01111509
18,610483343,Adon St 2,ADON ST,,,True,False,,290.0,,Sheraden,2,20,42003562500,5,20,6,1-16,40.45846345,-80.0609894
32,1527950234,Arlington Ave from Newton St,ARLINGTON AVE,,1958,True,False,8.0,231.0,https://tools.wprdc.org/images/pittsburgh/retaining_walls/Arlington_Ave_from_Newton_St.jpg,South Side Slopes,3,17,42003170600,4,17,3,4-5,40.42636876,-79.99204857
17,1642089125,Adon St 1,ADON ST,,,True,False,,65.0,,Sheraden,2,20,42003562500,5,20,6,1-16,40.45845077,-80.06131065
369,747532086,Tinsley Way,TINSLEY WAY,,2016,True,False,,60.0,https://tools.wprdc.org/images/pittsburgh/retaining_walls/Tinsley_Way.jpg,Point Breeze,8,14,42003140400,3,14,4,2-17,40.44642072,-79.91915062
33,1600934276,Arlington Ave from PJ McArdle Rdwy to Newton St,ARLINGTON AVE,NEWTON ST,1958,True,False,14.0,1060.0,https://tools.wprdc.org/images/pittsburgh/retaining_walls/Arlington_Ave_from_PJ_McArdle_Rdwy_to_Newton_St.jpg,South Side Slopes,3,18,42003170600,4,18,3,4-5,40.42774004,-79.99555056
370,223682275,Topeka St,TOPEKA ST,,1995,True,False,5.0,53.0,https://tools.wprdc.org/images/pittsburgh/retaining_walls/Topeka_St.jpg,Arlington,3,16,42003561600,4,16,3,4-8,40.41355538,-79.97108236
34,1584758261,Arlington Ave from St. Patrick St,ARLINGTON AVE,,,True,False,,205.0,https://tools.wprdc.org/images/pittsburgh/retaining_walls/Arlington_Ave_from_St._Patrick_St.jpg,South Side Slopes,3,17,42003170600,4,17,3,4-22,40.41792994,-79.97953741
38,843385265,Bailey Ave,BAILEY AVE,,,True,False,,135.0,https://tools.wprdc.org/images/pittsburgh/retaining_walls/Bailey_Ave.jpg,Mount Washington,3,18,42003180700,4,18,3,4-5,40.42698298,-79.99946695
39,289943262,Baker St 1,BUTLER ST,,1964,True,False,8.0,100.0,https://tools.wprdc.org/images/pittsburgh/retaining_walls/Baker_St_1.jpg,Morningside,7,10,42003101400,2,10,5,3-7,40.48915052,-79.93192931
371,179908880,Townsend Park,CHARTIERS AVE,,,True,False,,215.0,https://tools.wprdc.org/images/pittsburgh/retaining_walls/Townsend_Park.jpg,Elliott,2,20,42003562600,5,20,6,1-17,40.44312448,-80.03992054
372,27608298,Troy Hill Rd,TROY HILL RD,,1930,True,False,3.0,1000.0,,Troy Hill,1,24,42003240600,1,24,1,1-2,40.45919619,-79.98633868
166,220926934,Grandview 3,GRANDVIEW AVE,AUGUSTA ST,,True,False,,820.0,,Duquesne Heights,2,19,42003191100,5,19,3,4-1,40.44051955,-80.0232321
373,618224834,Troy Hill Rd from Province St,TROY HILL RD,,1939,True,False,12.0,150.0,https://tools.wprdc.org/images/pittsburgh/retaining_walls/Troy_Hill_Rd_from_Province_St.jpg,Troy Hill,1,24,42003240600,1,24,1,1-2,40.45750667,-79.98961234
374,1527384124,Tunstall St,TUNSTALL ST,,1985,True,False,8.0,122.5,https://tools.wprdc.org/images/pittsburgh/retaining_walls/Tunstall_St.jpg,Greenfield,5,15,42003151600,3,15,4,2-12,40.42534167,-79.94885216
375,43810455,Twain St,TWAIN ST,MCKEEVER AVE,1920,True,False,2.5,155.0,https://tools.wprdc.org/images/pittsburgh/retaining_walls/Twain_St.jpg,Perry South,6,26,42003261500,1,26,1,1-12,40.46755103,-80.02202027
376,1217999779,Upper Frick Park,,,,True,False,,55.0,https://tools.wprdc.org/images/pittsburgh/retaining_walls/Upper_Frick_Park.jpg,Point Breeze,9,14,42003981100,3,14,4,3-14,40.44524923,-79.90174009
377,500575235,Vandalia St,VANDALIA ST,,1969,True,False,9.0,305.0,https://tools.wprdc.org/images/pittsburgh/retaining_walls/Vandalia_St.jpg,Beltzhoover,4,18,42003562400,4,18,3,4-21,40.41354567,-79.99842097
378,870501259,Vanucci Park,ORANGEWOOD AVE,,,True,False,,70.0,https://tools.wprdc.org/images/pittsburgh/retaining_walls/Vanucci_Park.jpg,Beechview,4,19,42003191600,5,19,6,4-28,40.41458048,-80.01853994
40,839651819,Baker St 2,BAKER ST,,1964,True,False,12.0,82.0,https://tools.wprdc.org/images/pittsburgh/retaining_walls/Baker_St_2.jpg,Stanton Heights,7,10,42003101800,2,10,5,3-7,40.48908859,-79.93344119
41,247304921,Baker St 3,BAKER ST,,1964,True,False,16.0,440.0,https://tools.wprdc.org/images/pittsburgh/retaining_walls/Baker_St_3.jpg,Morningside,7,10,42003101400,2,10,5,3-7,40.48910243,-79.9323123
42,994175707,Baker St 4,BAKER ST,,1990,True,False,11.5,498.0,https://tools.wprdc.org/images/pittsburgh/retaining_walls/Baker_St_4.jpg,Morningside,7,10,42003101400,2,10,5,3-7,40.48791972,-79.92355255
43,1329034938,Baldauf St,BALDAUF ST,,1956,True,False,5.5,381.0,https://tools.wprdc.org/images/pittsburgh/retaining_walls/Baldauf_St.jpg,South Side Slopes,3,17,42003170600,4,17,3,4-3,40.42303861,-79.98001423
379,1364888154,Venture St,VENTURE ST,,1939,True,False,18.0,336.0,https://tools.wprdc.org/images/pittsburgh/retaining_walls/Venture_St.jpg,Perry North,1,26,42003260700,1,26,1,1-15,40.48501254,-80.01475955
380,447705607,Vinecliffe St,VINECLIFFE ST,,,True,False,,65.0,https://tools.wprdc.org/images/pittsburgh/retaining_walls/Vinecliffe_St.jpg,Mount Washington,2,19,42003191400,5,19,3,4-27,40.43054855,-80.00638443
381,838996390,Vista St 1,VISTA ST,,1930,True,False,14.0,81.0,https://tools.wprdc.org/images/pittsburgh/retaining_walls/Vista_St_1.jpg,East Allegheny,1,23,42003563200,1,23,1,1-5,40.45864931,-79.99574254
382,1600923917,Vista St 2,VISTA ST,,,True,False,,80.0,https://tools.wprdc.org/images/pittsburgh/retaining_walls/Vista_St_2.jpg,East Allegheny,1,23,42003563200,1,23,1,1-5,40.45824305,-79.99757819
383,446658023,Volunteers Field 1,NEWETT ST,,,True,False,,175.0,https://tools.wprdc.org/images/pittsburgh/retaining_walls/Volunteers_Field_1.jpg,Carrick,4,29,42003290100,4,29,3,4-23,40.39651635,-79.99217694
45,1386948081,Banksville Ave,BANKSVILLE AVE,,1996,True,False,10.0,97.0,https://tools.wprdc.org/images/pittsburgh/retaining_walls/Banksville_Ave.jpg,Banksville,2,20,42003202300,5,20,6,4-9,40.40658342,-80.03586044
384,1885809202,Walbridge St,WALBRIDGE ST,,,True,False,,350.0,https://tools.wprdc.org/images/pittsburgh/retaining_walls/Walbridge_St.jpg,Elliott,2,20,42003562600,5,20,6,1-17,40.44033014,-80.03652463
47,1139822037,Banksville Ave from Carnahan Rd,BANKSVILLE AVE,,1986,True,False,8.0,70.0,,Banksville,2,20,42003202300,5,20,6,4-9,40.40713063,-80.03450187
49,1112828690,Beechwood Blvd 1,BEECHWOOD BLVD,,1930,True,False,8.0,399.0,https://tools.wprdc.org/images/pittsburgh/retaining_walls/Beechwood_Blvd_1.jpg,Squirrel Hill South,5,14,42003141400,3,14,4,2-15,40.42095282,-79.91929911
390,1709671297,West Circuit Rd 1,W CIRCUIT RD,,,True,False,,915.0,,Squirrel Hill South,5,14,42003980500,3,14,4,2-8,40.43659138,-79.94363079
53,2018651046,Beechwood Blvd 5,BEECHWOOD BLVD,,,True,False,,130.0,https://tools.wprdc.org/images/pittsburgh/retaining_walls/Beechwood_Blvd_5.jpg,Squirrel Hill South,5,14,42003140800,3,14,4,2-21,40.43569127,-79.9094209
391,595458078,West Circuit Rd 2,W CIRCUIT RD,,,True,False,,915.0,,Squirrel Hill South,5,14,42003980500,3,14,4,2-8,40.43667153,-79.94362664
54,1225416348,Beechwood Blvd from English Ln to Nicholson St,BEECHWOOD BLVD,NICHOLSON ST,,True,False,,145.0,https://tools.wprdc.org/images/pittsburgh/retaining_walls/Beechwood_Blvd_from_English_Ln_to_Nicholson_St.jpg,Squirrel Hill South,5,14,42003980300,3,14,4,2-21,40.43010853,-79.91512424
55,2014030948,Beechwood Blvd from Forbes Ave,BEECHWOOD BLVD,,,True,False,,770.0,https://tools.wprdc.org/images/pittsburgh/retaining_walls/Beechwood_Blvd_from_Forbes_Ave.jpg,Squirrel Hill South,5,14,42003980300,3,14,4,2-21,40.43766048,-79.91031467
56,622612548,Beechwood Blvd from Nicholson St,BEECHWOOD BLVD,,,True,False,,60.0,https://tools.wprdc.org/images/pittsburgh/retaining_walls/Beechwood_Blvd_from_Nicholson_St.jpg,Squirrel Hill South,5,14,42003980300,3,14,4,2-21,40.43044441,-79.91504712
392,25703348,Westfield St,WESTFIELD ST,,1942,True,False,7.0,239.0,https://tools.wprdc.org/images/pittsburgh/retaining_walls/Westfield_St.jpg,Beechview,4,19,42003191600,5,19,6,4-28,40.41316965,-80.01932257
59,570138229,Bellingham Ave 1,BELLINGHAM AVE,,1988,True,False,10.0,48.0,,Banksville,2,20,42003202300,5,20,6,4-9,40.4041544,-80.0382753
393,28924899,Wheeler St,WHEELER ST,,,True,False,,70.0,https://tools.wprdc.org/images/pittsburgh/retaining_walls/Wheeler_St.jpg,Homewood North,9,13,42003130100,2,13,5,3-17,40.45648819,-79.88447066
254,1695268923,Mossfield St 2,MOSSFIELD ST,,1985,True,False,,390.0,https://tools.wprdc.org/images/pittsburgh/retaining_walls/Mossfield_St_2.jpg,Garfield,9,10,42003101600,2,10,5,3-4,40.47181376,-79.9438938
255,1130280750,Mossfield St 3,MOSSFIELD ST,,1985,True,False,4.5,330.0,https://tools.wprdc.org/images/pittsburgh/retaining_walls/Mossfield_St_3.jpg,Garfield,9,10,42003101600,2,10,5,3-4,40.46935268,-79.94687438
256,265100750,Mountain Ave 1,MOUNTAIN AVE,,,True,False,,115.0,https://tools.wprdc.org/images/pittsburgh/retaining_walls/Mountain_Ave_1.jpg,St. Clair,3,16,42003561700,4,16,3,4-8,40.41318148,-79.97694241
394,1001561693,Wick St,WICK ST,,1985,True,False,6.0,143.0,https://tools.wprdc.org/images/pittsburgh/retaining_walls/Wick_St.jpg,Crawford-Roberts,6,3,42003030500,3,3,2,2-1,40.43957087,-79.97975633
35,675290045,Arlington Ave from William St,ARLINGTON AVE,,1940,True,False,7.0,117.0,,Allentown,3,18,42003180300,4,18,3,4-5,40.42812793,-79.99684121
50,662159653,Beechwood Blvd 2,BEECHWOOD BLVD,,1930,True,False,8.0,177.0,https://tools.wprdc.org/images/pittsburgh/retaining_walls/Beechwood_Blvd_2.jpg,Squirrel Hill South,5,14,42003141400,3,14,4,2-15,40.41893876,-79.92259005
51,1962934663,Beechwood Blvd 3,BEECHWOOD BLVD,,,True,False,,185.0,https://tools.wprdc.org/images/pittsburgh/retaining_walls/Beechwood_Blvd_3.jpg,Squirrel Hill South,5,14,42003980300,3,14,4,2-21,40.43718422,-79.90868933
52,488332888,Beechwood Blvd 4,BEECHWOOD BLVD,,,True,False,,390.0,https://tools.wprdc.org/images/pittsburgh/retaining_walls/Beechwood_Blvd_4.jpg,Squirrel Hill South,5,14,42003980300,3,14,4,2-21,40.43623195,-79.90869059
61,1054616011,Bessie St from Mina St 1,BESSIE AVE,,1988,True,False,2.0,112.0,https://tools.wprdc.org/images/pittsburgh/retaining_walls/Bessie_St_from_Mina_St_1.jpg,Spring Hill-City View,1,26,42003262000,1,26,1,1-11,40.46865343,-79.99923693
246,187348261,Mission St 2,MISSION ST,,,True,False,,60.0,https://tools.wprdc.org/images/pittsburgh/retaining_walls/Mission_St_2.jpg,South Side Slopes,3,16,42003160800,4,16,3,4-22,40.4223903,-79.96959203
247,2098472278,Mohler St from Willing St,MOHLER ST,,,True,False,,185.0,https://tools.wprdc.org/images/pittsburgh/retaining_walls/Mohler_St_from_Willing_St.jpg,Homewood North,9,13,42003130100,2,13,5,3-17,40.45858822,-79.8857404
248,1107264722,Monroe St 1,MONROE ST,,1984,True,False,10.0,299.0,https://tools.wprdc.org/images/pittsburgh/retaining_walls/Monroe_St_1.jpg,Upper Hill,6,5,42003050600,3,5,2,2-24,40.45580875,-79.96238768
36,554183124,Arnold St,ARNOLD ST,,1950,True,False,2.3,246.0,https://tools.wprdc.org/images/pittsburgh/retaining_walls/Arnold_St.jpg,Crafton Heights,2,20,42003281500,5,20,6,1-17,40.44129225,-80.0454811
37,382298126,Athlone Way at Piermont St,ATHLONE WAY,,1945,True,False,2.5,118.0,https://tools.wprdc.org/images/pittsburgh/retaining_walls/Athlone_Way_at_Piermont_St.jpg,Duquesne Heights,2,19,42003191100,5,19,3,4-1,40.43468789,-80.01859838
44,1858954013,Baldwin Rd,BALDWIN RD,,1940,True,False,6.9,564.0,https://tools.wprdc.org/images/pittsburgh/retaining_walls/Baldwin_Rd.jpg,Hays,5,31,42003562900,3,31,4,4-20,40.3881824,-79.932503
62,1268829506,Bessie St from Mina St 2,BESSIE AVE,,1931,True,False,3.0,25.0,https://tools.wprdc.org/images/pittsburgh/retaining_walls/Bessie_St_from_Mina_St_2.jpg,Spring Hill-City View,1,26,42003262000,1,26,1,1-11,40.468828,-79.9993287
261,943896771,N Charles St,N CHARLES ST,,1940,True,False,6.0,110.0,,Perry South,6,26,42003261500,1,26,1,1-12,40.46578858,-80.02064334
48,459567971,Bascom Ave,BASCOM ST,,,True,False,,210.0,https://tools.wprdc.org/images/pittsburgh/retaining_walls/Bascom_Ave.jpg,Perry North,1,26,42003260200,1,26,1,1-15,40.49407205,-80.0245129
251,385328112,Mooney Rd 2,MOONEY RD,,2016,True,False,,150.0,https://tools.wprdc.org/images/pittsburgh/retaining_walls/Mooney_Rd_2.jpg,Lincoln Place,5,31,42003310200,3,31,4,4-20,40.37894328,-79.92334381
58,1247763156,Beelen St 2,BEELEN ST,,,True,False,,200.0,https://tools.wprdc.org/images/pittsburgh/retaining_walls/Beelen_St_2.jpg,West Oakland,6,4,42003040200,3,4,4,2-1,40.43775329,-79.97175663
63,1629438152,Bessie St from Sunset Ave,BESSIE AVE,,,True,False,,120.0,https://tools.wprdc.org/images/pittsburgh/retaining_walls/Bessie_St_from_Sunset_Ave.jpg,Spring Hill-City View,1,26,42003262000,1,26,1,1-11,40.46933847,-79.99953099
64,815411932,Bigbee Field,BIGBEE ST,,,True,False,,250.0,https://tools.wprdc.org/images/pittsburgh/retaining_walls/Bigbee_Field.jpg,Allentown,3,18,42003180300,4,18,3,4-5,40.42776599,-80.00122206
262,881539592,N Charles St 1,N CHARLES ST,HAZELTON AVE,,True,False,,335.0,https://tools.wprdc.org/images/pittsburgh/retaining_walls/N_Charles_St_1.jpg,Perry South,6,26,42003261500,1,26,1,1-23,40.47119314,-80.00791244
65,283019463,Boggs Ave at Southern Ave,BOGGS AVE,,1930,True,False,9.0,200.0,https://tools.wprdc.org/images/pittsburgh/retaining_walls/Boggs_Ave_at_Southern_Ave.jpg,Mount Washington,4,19,42003191500,5,19,3,4-27,40.41622106,-80.01328431
57,816522552,Beelen St,BEELEN ST,,1930,True,False,4.5,55.0,https://tools.wprdc.org/images/pittsburgh/retaining_walls/Beelen_St.jpg,West Oakland,6,4,42003040200,3,4,4,2-1,40.43811227,-79.97254059
66,1206961834,Boggston Ave,BOGGSTON AVE,,1975,True,False,14.0,270.0,https://tools.wprdc.org/images/pittsburgh/retaining_walls/Boggston_Ave.jpg,Beltzhoover,3,18,42003191500,4,18,3,4-16,40.41983146,-80.00828173
67,281114736,Boustead St,BOUSTEAD ST,,1957,True,False,3.5,122.0,https://tools.wprdc.org/images/pittsburgh/retaining_walls/Boustead_St.jpg,Beechview,2,20,42003192000,5,20,6,4-28,40.40503571,-80.03320642
257,2131458429,Mt Washington Park 1,NORTON ST,,,True,False,,420.0,https://tools.wprdc.org/images/pittsburgh/retaining_walls/Mt_Washington_Park_1.jpg,Mount Washington,2,19,42003191400,5,19,3,4-27,40.42448113,-80.01473236
68,313812081,Brackenridge St 2,BRACKENRIDGE ST,,,True,False,,285.0,https://tools.wprdc.org/images/pittsburgh/retaining_walls/Brackenridge_St_2.jpg,Terrace Village,6,5,42003051000,3,5,2,2-10,40.44470262,-79.97078728
69,337349801,Brackenridge St 3,BRACKENRIDGE ST,,,True,False,,205.0,https://tools.wprdc.org/images/pittsburgh/retaining_walls/Brackenridge_St_3.jpg,Terrace Village,6,5,42003051000,3,5,2,2-10,40.44459183,-79.97096376
70,403328124,Brackenridge St 4,BRACKENRIDGE ST,,,True,False,,475.0,https://tools.wprdc.org/images/pittsburgh/retaining_walls/Brackenridge_St_4.jpg,Terrace Village,6,5,42003051000,3,5,2,2-10,40.4458054,-79.9680676
72,1211870800,Brahm St,BRAHM ST,,,True,False,,1080.0,https://tools.wprdc.org/images/pittsburgh/retaining_walls/Brahm_St.jpg,Spring Hill-City View,1,24,42003262000,1,24,1,1-24,40.4649429,-79.99860908
73,2135304001,Braid Way,BRAID WAY,,1995,True,False,4.0,16.0,https://tools.wprdc.org/images/pittsburgh/retaining_walls/Braid_Way.jpg,Overbrook,4,32,42003320700,4,32,3,4-25,40.38762921,-79.99887012
270,616478280,Norte Way,NORTE WAY,,1990,True,False,5.5,118.0,https://tools.wprdc.org/images/pittsburgh/retaining_walls/Norte_Way.jpg,Arlington,3,16,42003561600,4,16,3,4-8,40.41740317,-79.9776776
75,766151141,Brighton Rd,BRIGHTON RD,,1931,True,False,20.0,207.0,https://tools.wprdc.org/images/pittsburgh/retaining_walls/Brighton_Rd.jpg,Perry South,6,25,42003261400,1,25,1,1-9,40.46294664,-80.02032307
76,974111279,Brookline Blvd,BROOKLINE BLVD,,1948,True,False,10.0,148.0,https://tools.wprdc.org/images/pittsburgh/retaining_walls/Brookline_Blvd.jpg,Brookline,4,19,42003191900,4,19,6,4-26,40.3961842,-80.02404544
77,1268989433,Brookline Blvd at Jillson Ave,BROOKLINE BLVD,,1947,True,False,10.0,147.0,https://tools.wprdc.org/images/pittsburgh/retaining_walls/Brookline_Blvd_at_Jillson_Ave.jpg,Brookline,4,19,42003191900,4,19,6,4-26,40.39562635,-80.02568739
78,1506861117,Brookline Blvd at Kenilworth St,BROOKLINE BLVD,,1947,True,False,7.0,154.0,https://tools.wprdc.org/images/pittsburgh/retaining_walls/Brookline_Blvd_at_Kenilworth_St.jpg,Brookline,4,19,42003191900,4,19,6,4-26,40.39583537,-80.02681702
79,1244044693,Brosville St,BROSVILLE ST,,1984,True,False,6.0,165.0,https://tools.wprdc.org/images/pittsburgh/retaining_walls/Brosville_St.jpg,Allentown,3,18,42003180300,4,18,3,4-6,40.42222688,-79.99061949
81,20485735,Burchfield St,BURCHFIELD AVE,,,True,False,,210.0,https://tools.wprdc.org/images/pittsburgh/retaining_walls/Burchfield_St.jpg,Squirrel Hill South,5,14,42003141400,3,14,4,2-21,40.42702217,-79.92615097
82,1990356070,Butler St,BUTLER ST,,1939,True,False,15.0,1100.0,https://tools.wprdc.org/images/pittsburgh/retaining_walls/Butler_St.jpg,Morningside,7,10,42003101400,2,10,5,3-7,40.48933342,-79.92915417
337,1230385021,Shelly St 3,SHELLY ST,,,True,False,,190.0,,South Side Slopes,3,16,42003160800,4,16,3,4-24,40.42282083,-79.96842097
282,1151379911,Overbeck St 1,OVERBECK ST,,,True,False,,140.0,https://tools.wprdc.org/images/pittsburgh/retaining_walls/Overbeck_St_1.jpg,Spring Hill-City View,1,24,42003262000,1,24,1,1-24,40.46323774,-79.99585317
74,1578426236,Brereton St,BRERETON ST,,1994,True,False,4.0,193.0,,Polish Hill,7,6,42003060500,6,6,2,2-6,40.45670523,-79.96546091
84,994397443,California Ave,CALIFORNIA AVE,KUNKLE AVE,1931,True,False,5.0,720.0,https://tools.wprdc.org/images/pittsburgh/retaining_walls/California_Ave.jpg,Manchester,6,21,42003210700,1,21,1,1-9,40.45944161,-80.02467462
85,976049624,Capital Ave,CAPITAL AVE,,,True,False,,400.0,https://tools.wprdc.org/images/pittsburgh/retaining_walls/Capital_Ave.jpg,Brookline,4,19,42003191700,4,19,6,4-26,40.4046618,-80.01871767
86,1884298453,Carrie St at Henderson St,CARRIE ST,,,True,False,,120.0,https://tools.wprdc.org/images/pittsburgh/retaining_walls/Carrie_St_at_Henderson_St.jpg,Fineview,1,25,42003250900,1,25,1,1-10,40.46122284,-80.0016156
87,277105406,Catoma St,CATOMA ST,,1950,True,False,9.0,114.0,https://tools.wprdc.org/images/pittsburgh/retaining_walls/Catoma_St.jpg,Fineview,6,25,42003250900,1,25,1,1-10,40.46046259,-80.00456303
349,470062961,Sprain St,SPRAIN ST,,1992,True,False,5.6,178.0,https://tools.wprdc.org/images/pittsburgh/retaining_walls/Sprain_St.jpg,Fineview,1,25,42003250900,1,25,1,1-10,40.46301431,-80.00124371
80,955768777,Browns Hill Rd 2,BROWNS HILL RD,,,True,False,,75.0,,Squirrel Hill South,5,15,42003141400,3,15,4,2-12,40.41269342,-79.92101464
90,2141356694,Charm Ave 2,CHARM AVE,,1978,True,False,6.0,60.0,https://tools.wprdc.org/images/pittsburgh/retaining_walls/Charm_Ave_2.jpg,Beechview,4,19,42003191600,5,19,6,4-28,40.4137854,-80.01383057
91,1275814436,Chartiers Ave at Sutherland St,CHARTIERS AVE,,,True,False,,200.0,https://tools.wprdc.org/images/pittsburgh/retaining_walls/Chartiers_Ave_at_Sutherland_St.jpg,Sheraden,2,20,42003202200,5,20,6,1-16,40.45348453,-80.06286574
1,310040364,1003-1031 Arlington East,ARLINGTON AVE,,1940,True,False,15.0,310.0,https://tools.wprdc.org/images/pittsburgh/retaining_walls/1003-1031_Arlington_East.jpg,Allentown,3,18,42003180300,4,18,3,4-5,40.424295,-79.98833909
283,1962528285,Overbeck St 2,OVERBECK ST,,,True,False,,210.0,https://tools.wprdc.org/images/pittsburgh/retaining_walls/Overbeck_St_2.jpg,Spring Hill-City View,1,24,42003262000,1,24,1,1-24,40.46411319,-79.99746383
284,886835722,Overbeck St 3,OVERBECK ST,,,True,False,,265.0,https://tools.wprdc.org/images/pittsburgh/retaining_walls/Overbeck_St_3.jpg,Spring Hill-City View,1,24,42003262000,1,24,1,1-24,40.46543929,-79.99775603
351,362060698,St Paul St 1,ST PAUL ST,,1984,True,False,12.0,80.0,https://tools.wprdc.org/images/pittsburgh/retaining_walls/St_Paul_St_1.jpg,South Side Slopes,3,17,42003170600,4,17,3,4-3,40.42186189,-79.98008591
401,1892571022,Woodward Ave,WOODWARD AVE,,,True,False,,95.0,https://tools.wprdc.org/images/pittsburgh/retaining_walls/Woodward_Ave.jpg,Brookline,4,19,42003191900,4,19,6,4-26,40.39858096,-80.02429601
2,947667950,1003-1059 Arlington Ave,ARLINGTON AVE,,1940,True,False,8.0,421.0,https://tools.wprdc.org/images/pittsburgh/retaining_walls/1003-1059_Arlington_Ave.jpg,Allentown,3,18,42003180300,4,18,3,4-5,40.42396191,-79.98880446
404,1255827820,2309 Sierra St,SIERRA ST,,2017,True,False,,,https://tools.wprdc.org/images/pittsburgh/retaining_walls/2309_Sierra_St.jpg,South Side Slopes,3,16,42003160800,4,16,3,4-22,40.42174745,-79.97333164
294,1932513954,Phelan Way 2,PHELAN WAY,,,True,False,,56.0,https://tools.wprdc.org/images/pittsburgh/retaining_walls/Phelan_Way_2.jpg,Polish Hill,7,6,42003060500,6,6,2,2-6,40.45631959,-79.96599389
88,1791137458,Celadine St,CELADINE ST,,,True,False,,25.0,https://tools.wprdc.org/images/pittsburgh/retaining_walls/Celadine_St.jpg,Stanton Heights,7,10,42003101800,2,10,5,3-5,40.48231963,-79.94441703
295,399024939,Phelan Way 3,PHELAN WAY,,,True,False,,60.0,,Polish Hill,7,6,42003060500,6,6,2,2-6,40.45633961,-79.96563779
296,622527898,PJ McArdle Roadway Lower 1,P J MC ARDLE RDWY,,1940,True,False,10.0,1000.0,https://tools.wprdc.org/images/pittsburgh/retaining_walls/PJ_McArdle_Roadway_Lower_1.jpg,South Side Slopes,3,18,42003170600,4,18,3,4-2,40.42814505,-79.99527462
89,1473597829,Charm Ave,CHARM AVE,,,True,False,,110.0,https://tools.wprdc.org/images/pittsburgh/retaining_walls/Charm_Ave.jpg,Beechview,4,19,42003191600,5,19,6,4-28,40.4140102,-80.01454615
92,1529172610,Chartiers Ave from Azalia St,CHARTIERS AVE,,1951,True,False,10.0,420.0,https://tools.wprdc.org/images/pittsburgh/retaining_walls/Chartiers_Ave_from_Azalia_St.jpg,Elliott,2,20,42003562600,5,20,6,1-17,40.44537996,-80.04193824
93,147662172,Chartiers Ave from Nittany St,CHARTIERS AVE,,1938,True,False,10.5,940.0,https://tools.wprdc.org/images/pittsburgh/retaining_walls/Chartiers_Ave_from_Nittany_St.jpg,Crafton Heights,2,20,42003281400,5,20,6,1-17,40.44853582,-80.04444733
181,1835380882,Hazelton St,HAZELTON ST,,,True,False,,225.0,,Perry South,6,26,42003261500,1,26,1,1-23,40.47172354,-80.00734761
94,1848808869,Chartiers Ave from Steuben St,CHARTIERS AVE,,1975,True,False,7.5,167.0,https://tools.wprdc.org/images/pittsburgh/retaining_walls/Chartiers_Ave_from_Steuben_St.jpg,Elliott,2,20,42003562600,5,20,6,1-17,40.44149495,-80.03823415
95,995565657,Clarence St,CLARENCE ST,,,True,False,,175.0,https://tools.wprdc.org/images/pittsburgh/retaining_walls/Clarence_St.jpg,Duquesne Heights,2,19,42003191100,5,19,3,4-1,40.43646096,-80.02547488
96,1423553626,Clarion St 1,CLARION ST,,,True,False,,70.0,https://tools.wprdc.org/images/pittsburgh/retaining_walls/Clarion_St_1.jpg,Hazelwood,5,15,42003562300,3,15,4,2-13,40.41396124,-79.93330761
97,1890567935,Clarion St 2,CLARION ST,,,True,False,,45.0,https://tools.wprdc.org/images/pittsburgh/retaining_walls/Clarion_St_2.jpg,Hazelwood,5,15,42003562300,3,15,4,2-13,40.41390058,-79.93351801
98,175024176,Clayton Ave 1,CLAYTON AVE,,1916,True,False,4.0,130.0,https://tools.wprdc.org/images/pittsburgh/retaining_walls/Clayton_Ave_1.jpg,Perry South,6,25,42003261400,1,25,1,1-10,40.46095794,-80.01044809
99,1399685823,Clayton Ave 2,CLAYTON AVE,,,True,False,,225.0,https://tools.wprdc.org/images/pittsburgh/retaining_walls/Clayton_Ave_2.jpg,Perry South,6,25,42003261400,1,25,1,1-10,40.46054148,-80.01302792
100,1676063800,Climax St,CLIMAX ST,,,True,False,,140.0,https://tools.wprdc.org/images/pittsburgh/retaining_walls/Climax_St.jpg,Beltzhoover,3,18,42003562400,4,18,3,4-16,40.41800339,-80.00936154
101,208202694,Clinton St,CLINTON ST,,1959,True,False,3.0,53.0,https://tools.wprdc.org/images/pittsburgh/retaining_walls/Clinton_St.jpg,South Side Slopes,3,17,42003170600,4,17,3,4-3,40.42510848,-79.98357452
102,1857181426,Coast Ave at Banksville Rd,COAST AVE,,1973,True,False,13.0,110.0,https://tools.wprdc.org/images/pittsburgh/retaining_walls/Coast_Ave_at_Banksville_Rd.jpg,Beechview,2,20,42003191600,5,20,6,4-28,40.40946218,-80.03130535
103,965942846,Coast Ave at Broadway Ave,COAST AVE,,1973,True,False,100.0,20.0,https://tools.wprdc.org/images/pittsburgh/retaining_walls/Coast_Ave_at_Broadway_Ave.jpg,Beechview,4,19,42003191600,5,19,6,4-28,40.40855271,-80.0252029
290,1923324314,Penelope St,PENELOPE ST,,1977,True,False,4.5,202.0,https://tools.wprdc.org/images/pittsburgh/retaining_walls/Penelope_St.jpg,Mount Washington,2,19,42003191400,5,19,3,4-27,40.42307798,-80.0131011
83,1678978772,Calera St,CALERA ST,,1994,True,False,8.0,119.0,https://tools.wprdc.org/images/pittsburgh/retaining_walls/Calera_St.jpg,Hays,5,31,42003562900,3,31,4,4-20,40.38001355,-79.93504554
105,2122239745,Commerical Ave 2,COMMERCIAL AVE,,,True,False,,140.0,https://tools.wprdc.org/images/pittsburgh/retaining_walls/Commerical_Ave_2.jpg,Squirrel Hill South,5,14,42003140800,3,14,4,2-20,40.42639719,-79.91190375
106,1461053276,Compromise St,COMPROMISE ST,FOUNTAIN ST,1942,True,False,10.0,154.0,https://tools.wprdc.org/images/pittsburgh/retaining_walls/Compromise_St.jpg,East Allegheny,1,24,42003563200,1,24,1,1-10,40.4592408,-80.00089114
107,1385008569,Courtright St,COURTRIGHT ST,,,True,False,,60.0,https://tools.wprdc.org/images/pittsburgh/retaining_walls/Courtright_St.jpg,Marshall-Shadeland,1,27,42003271500,1,27,1,1-14,40.47560594,-80.03114834
108,1233111938,Crosby Ave,CROSBY AVE,,1940,True,False,4.5,90.0,https://tools.wprdc.org/images/pittsburgh/retaining_walls/Crosby_Ave.jpg,Beechview,4,19,42003192000,5,19,6,4-28,40.4050231,-80.03028746
109,1115910738,Crotzer Ave,CROTZER AVE,ATTELL WAY,1988,True,False,5.0,101.0,https://tools.wprdc.org/images/pittsburgh/retaining_walls/Crotzer_Ave.jpg,Westwood,2,28,42003563100,5,28,6,1-18,40.43634758,-80.05745533
297,1195658774,PJ McArdle Upper 1,P J MC ARDLE RDWY,,,True,False,,155.0,,Mount Washington,3,18,42003190300,5,18,3,4-27,40.43080874,-80.0034851
71,534083401,Brackenridge St 5,BRACKENRIDGE ST,,,True,False,,108.0,https://tools.wprdc.org/images/pittsburgh/retaining_walls/Brackenridge_St_5.jpg,Terrace Village,6,5,42003051000,3,5,2,2-10,40.44687235,-79.96616464
104,1343966014,Commerical Ave 1,COMMERCIAL AVE,,,True,False,,140.0,https://tools.wprdc.org/images/pittsburgh/retaining_walls/Commerical_Ave_1.jpg,Squirrel Hill South,5,14,42003140800,3,14,4,2-20,40.42632368,-79.90945489
110,1290250193,Dakota St,DAKOTA ST,,,True,False,,820.0,https://tools.wprdc.org/images/pittsburgh/retaining_walls/Dakota_St.jpg,Upper Hill,6,5,42003050600,3,5,2,2-22,40.45216289,-79.95583107
111,1070056972,Danube St,DANUBE ST,,1977,True,False,8.0,143.0,https://tools.wprdc.org/images/pittsburgh/retaining_walls/Danube_St.jpg,Upper Hill,6,5,42003050600,3,5,2,2-22,40.45366221,-79.96403999
112,1417728521,Dawson St at S Bouquet St,DAWSON ST,,,True,False,,80.0,https://tools.wprdc.org/images/pittsburgh/retaining_walls/Dawson_St_at_S_Bouquet_St.jpg,Central Oakland,3,4,42003040600,3,4,4,2-11,40.43922769,-79.95145157
113,1589291109,Dellrose St,DELLROSE ST,COPPERFIELD AVE,,True,False,,415.0,https://tools.wprdc.org/images/pittsburgh/retaining_walls/Dellrose_St.jpg,Carrick,4,29,42003290100,4,29,3,4-23,40.39660884,-79.98826979
298,1411520916,PJ McArdle Upper 2,P J MC ARDLE RDWY,,,True,False,,240.0,,Mount Washington,2,19,42003190300,5,19,3,4-27,40.43355112,-80.00973088
114,805511466,Dengler St,DENGLER ST,,1958,True,False,6.0,190.0,https://tools.wprdc.org/images/pittsburgh/retaining_walls/Dengler_St.jpg,Arlington,3,16,42003561600,4,16,3,4-8,40.41655148,-79.9677051
115,122413456,Dewey Ave,DEWEY AVE,,1985,True,False,6.0,37.0,https://tools.wprdc.org/images/pittsburgh/retaining_walls/Dewey_Ave.jpg,Perry North,1,26,42003260200,1,26,1,1-15,40.49113458,-80.01151796
116,2124685838,Diana St,DIANA ST,,,True,False,,55.0,https://tools.wprdc.org/images/pittsburgh/retaining_walls/Diana_St.jpg,Spring Garden,1,24,42003262000,1,24,1,1-24,40.46153506,-79.9910767
117,1359928146,Diana St from Itin St,DIANA ST,,1971,True,False,6.0,40.0,https://tools.wprdc.org/images/pittsburgh/retaining_walls/Diana_St_from_Itin_St.jpg,Spring Garden,1,24,42003262000,1,24,1,1-24,40.46181107,-79.9919287
118,868824330,Diaz Way,DIAZ WAY,,1935,True,False,7.0,140.0,https://tools.wprdc.org/images/pittsburgh/retaining_walls/Diaz_Way.jpg,Crawford-Roberts,6,3,42003030500,3,3,2,2-1,40.43934478,-79.97957796
119,1312775756,Dilworth St at Gray St,DILWORTH ST,,1957,True,False,5.0,89.0,https://tools.wprdc.org/images/pittsburgh/retaining_walls/Dilworth_St_at_Gray_St.jpg,Mount Washington,2,19,42003191400,5,19,3,4-27,40.42661138,-80.01070432
120,1238994283,Dilworth St from Kuhn St,DILWORTH ST,NATCHEZ ST,1957,True,False,20.0,113.0,https://tools.wprdc.org/images/pittsburgh/retaining_walls/Dilworth_St_from_Kuhn_St.jpg,Mount Washington,2,19,42003191400,5,19,3,4-27,40.42541038,-80.01284609
121,649008798,Doerville Ave 1,DOERVILLE AVE,,,True,False,,285.0,https://tools.wprdc.org/images/pittsburgh/retaining_walls/Doerville_Ave_1.jpg,New Homestead,5,31,42003310300,3,31,4,4-20,40.3847702,-79.93170829
122,657541648,Doerville Ave 2,DOERVILLE AVE,,,True,False,,85.0,https://tools.wprdc.org/images/pittsburgh/retaining_walls/Doerville_Ave_2.jpg,New Homestead,5,31,42003310300,3,31,4,4-20,40.38602212,-79.93111376
123,1815171597,Downing St,DOWNING ST,,1982,True,False,3.0,33.5,https://tools.wprdc.org/images/pittsburgh/retaining_walls/Downing_St.jpg,Polish Hill,7,6,42003060500,6,6,2,2-6,40.45764931,-79.96680817
124,2083626743,Duncan St,DUNCAN ST,,,True,False,,315.0,https://tools.wprdc.org/images/pittsburgh/retaining_walls/Duncan_St.jpg,Upper Lawrenceville,7,10,42003101100,2,10,2,3-5,40.48307655,-79.94450206
125,403728663,Dyke St,DYKE ST,DEAD END,1940,True,False,10.0,500.0,https://tools.wprdc.org/images/pittsburgh/retaining_walls/Dyke_St.jpg,Hazelwood,5,15,42003562300,3,15,4,2-13,40.40440798,-79.94344996
126,1799706652,E Amanda Ave,E AMANDA AVE,,,True,False,,90.0,https://tools.wprdc.org/images/pittsburgh/retaining_walls/E_Amanda_Ave.jpg,Allentown,3,18,42003180300,4,18,3,4-6,40.41882095,-79.98811636
127,2012517790,E McIntyre Ave,E MC INTYRE AVE,,1930,True,False,8.0,154.0,https://tools.wprdc.org/images/pittsburgh/retaining_walls/E_McIntyre_Ave.jpg,Perry South,6,26,42003261400,1,26,1,1-22,40.46890152,-80.00842141
128,258684149,E Sycamore St,E SYCAMORE ST,,1983,True,False,30.0,440.0,,South Shore,3,18,42003980700,5,18,3,4-27,40.43017518,-80.00104485
129,991233910,E Woodford Ave,E WOODFORD AVE,,,True,False,,175.0,https://tools.wprdc.org/images/pittsburgh/retaining_walls/E_Woodford_Ave.jpg,Carrick,4,29,42003290200,4,29,3,4-12,40.39325944,-79.98493774
130,456659343,Edmond St at Juniper St,EDMOND ST,,1989,True,False,6.0,50.0,https://tools.wprdc.org/images/pittsburgh/retaining_walls/Edmond_St_at_Juniper_St.jpg,Bloomfield,7,8,42003080200,2,8,5,3-1,40.45772686,-79.95077566
131,17557998,Eldora Place,ELDORA PL,,,True,False,,180.0,https://tools.wprdc.org/images/pittsburgh/retaining_walls/Eldora_Place.jpg,Beltzhoover,4,18,42003562400,4,18,3,4-21,40.41386943,-80.00130584
132,407546848,Elliot St 1,ELLIOTT ST,,1931,True,False,7.0,348.0,https://tools.wprdc.org/images/pittsburgh/retaining_walls/Elliot_St_1.jpg,Elliott,2,20,42003562600,5,20,6,1-17,40.44369615,-80.03138826
133,973420189,Elliott St 2,ELLIOTT ST,,,True,False,,200.0,https://tools.wprdc.org/images/pittsburgh/retaining_walls/Elliott_St_2.jpg,West End,2,20,42003562600,5,20,6,1-17,40.44244133,-80.0348282
134,1619209538,Emporia St,EMPORIA ST,,1995,True,False,3.0,75.0,https://tools.wprdc.org/images/pittsburgh/retaining_walls/Emporia_St.jpg,Sheraden,2,20,42003202200,5,20,6,1-16,40.45298171,-80.0613397
135,669992247,Fairview Ave,FAIRVIEW AVE,MARENA ST,1985,True,False,4.0,233.0,https://tools.wprdc.org/images/pittsburgh/retaining_walls/Fairview_Ave.jpg,Elliott,2,20,42003562600,5,20,6,1-17,40.44468251,-80.03553149
136,593386376,Farmhouse Drive,FARMHOUSE DR,,,True,False,,285.0,https://tools.wprdc.org/images/pittsburgh/retaining_walls/Farmhouse_Drive.jpg,Highland Park,7,11,42003980100,2,11,5,3-9,40.47756344,-79.91352995
137,1815878239,Finland St,FINLAND ST,,1987,True,False,9.0,67.0,https://tools.wprdc.org/images/pittsburgh/retaining_walls/Finland_St.jpg,Polish Hill,7,6,42003060500,6,6,2,2-6,40.45823338,-79.96069937
138,1970729897,Fisher St from Mountain Ave,FISHER ST,,,True,False,,465.0,https://tools.wprdc.org/images/pittsburgh/retaining_walls/Fisher_St_from_Mountain_Ave.jpg,St. Clair,3,16,42003561700,4,16,3,4-8,40.41147519,-79.97629119
139,1280526401,Flack St,FLACK ST,,1995,True,False,5.0,247.0,https://tools.wprdc.org/images/pittsburgh/retaining_walls/Flack_St.jpg,Arlington,3,16,42003561600,4,16,3,4-8,40.41514345,-79.97062488
140,458713105,Flemington St 1,FLEMINGTON ST,,1985,True,False,7.0,220.0,https://tools.wprdc.org/images/pittsburgh/retaining_walls/Flemington_St_1.jpg,Greenfield,5,15,42003151700,3,15,4,2-15,40.42700054,-79.93343679
141,1420377635,Flemington St 2,FLEMINGTON ST,,1970,True,False,3.7,102.0,https://tools.wprdc.org/images/pittsburgh/retaining_walls/Flemington_St_2.jpg,Greenfield,5,15,42003151700,3,15,4,2-15,40.42682876,-79.93380513
142,1550428378,Forbes Ave,FORBES AVE,NORTHUMBERLAND ST,,True,False,,1200.0,https://tools.wprdc.org/images/pittsburgh/retaining_walls/Forbes_Ave.jpg,Squirrel Hill North,5,14,42003140100,3,14,4,2-8,40.43844635,-79.93432715
143,2064432820,Fountain St,FOUNTAIN ST,,1986,True,False,9.6,70.0,https://tools.wprdc.org/images/pittsburgh/retaining_walls/Fountain_St.jpg,East Allegheny,1,25,42003563200,1,25,1,1-10,40.45868698,-80.00201482
144,1604347336,Fountain St at Sandusky St,FOUNTAIN ST,,,True,False,,60.0,https://tools.wprdc.org/images/pittsburgh/retaining_walls/Fountain_St_at_Sandusky_St.jpg,Fineview,6,25,42003250900,1,25,1,1-10,40.45902628,-80.00547198
145,1516271835,Fountain St from Loraine St,FOUNTAIN ST,,,True,False,,45.0,https://tools.wprdc.org/images/pittsburgh/retaining_walls/Fountain_St_from_Loraine_St.jpg,Central Northside,6,25,42003220600,1,25,1,1-10,40.45899679,-80.00648804
146,455719781,Fountain St from Sandusky St,FOUNTAIN ST,,1908,True,False,2.4,951.0,https://tools.wprdc.org/images/pittsburgh/retaining_walls/Fountain_St_from_Sandusky_St.jpg,Central Northside,6,25,42003220600,1,25,1,1-10,40.45862955,-80.00369132
148,255892198,Frew St,FREW AVE,,,True,False,,625.0,,Squirrel Hill South,5,14,42003980500,3,14,4,2-8,40.44069389,-79.94350268
149,415688131,Frick Park Falls Ravine Trail,,,,True,False,,125.0,https://tools.wprdc.org/images/pittsburgh/retaining_walls/Frick_Park_Falls_Ravine_Trail.jpg,Squirrel Hill South,5,14,42003980300,3,14,4,2-21,40.43450061,-79.90525188
147,1786824943,Frank Curto Park 1,BIGELOW BLVD,,,True,False,,755.0,,Strip District,7,2,42003020300,6,2,2,2-5,40.45271661,-79.97452724
150,282943086,Frick Park Falls Ravine Trail 2,,,,True,False,,,https://tools.wprdc.org/images/pittsburgh/retaining_walls/Frick_Park_Falls_Ravine_Trail_2.jpg,Squirrel Hill South,5,14,42003980300,3,14,4,2-21,40.43437774,-79.90772759
151,241471404,Frick Park Homewood Trail 1,,,,True,False,,170.0,https://tools.wprdc.org/images/pittsburgh/retaining_walls/Frick_Park_Homewood_Trail_1.jpg,Point Breeze,9,14,42003981100,3,14,4,3-14,40.44227213,-79.90146761
152,343674903,Frick Park Homewood Trail 2,,,,True,False,,300.0,https://tools.wprdc.org/images/pittsburgh/retaining_walls/Frick_Park_Homewood_Trail_2.jpg,Point Breeze,9,14,42003981100,3,14,4,3-14,40.44355137,-79.90171404
153,136278009,Garvin St,GARVIN ST,,1996,True,False,6.5,194.0,https://tools.wprdc.org/images/pittsburgh/retaining_walls/Garvin_St.jpg,Perry North,1,26,42003260200,1,26,1,1-15,40.49241695,-80.01861798
154,1026431188,Gershon St,GERSHON ST,,1939,True,False,10.0,266.0,https://tools.wprdc.org/images/pittsburgh/retaining_walls/Gershon_St.jpg,Spring Hill-City View,1,26,42003262000,1,26,1,1-11,40.4681315,-80.00010133
156,1217838531,Geyer Ave,GEYER AVE,,1974,True,False,10.0,194.0,https://tools.wprdc.org/images/pittsburgh/retaining_walls/Geyer_Ave.jpg,Marshall-Shadeland,1,27,42003271500,1,27,1,1-14,40.4737444,-80.03355316
157,1562089855,Glass Run Rd Extension 1,HAYSGLEN ST,,,True,False,,90.0,https://tools.wprdc.org/images/pittsburgh/retaining_walls/Glass_Run_Rd_Extension_1.jpg,Hays,5,31,42003562900,3,31,4,4-20,40.38979848,-79.93624953
158,1041227612,Glass Run Rd Extension 2,HAYSGLEN ST,,,True,False,,235.0,https://tools.wprdc.org/images/pittsburgh/retaining_walls/Glass_Run_Rd_Extension_2.jpg,Hays,5,31,42003562900,3,31,4,4-20,40.38992053,-79.93561516
160,78275091,Glenwood Ave,GLENWOOD AVE,,,True,False,,285.0,https://tools.wprdc.org/images/pittsburgh/retaining_walls/Glenwood_Ave.jpg,Hazelwood,5,15,42003562300,3,15,4,2-13,40.40242768,-79.93780823
161,1537975819,Goehring St,GOEHRING ST,,1930,True,False,12.0,190.0,https://tools.wprdc.org/images/pittsburgh/retaining_walls/Goehring_St.jpg,East Allegheny,1,24,42003563200,1,24,1,1-24,40.46006427,-79.99492408
359,976875985,Stella St,STELLA ST,,,True,False,,210.0,,South Side Slopes,3,16,42003160800,4,16,3,4-24,40.42287603,-79.96932959
159,1622387140,Glenridge Way,GLENRIDGE WAY,,1945,True,False,2.0,29.0,https://tools.wprdc.org/images/pittsburgh/retaining_walls/Glenridge_Way.jpg,Perry North,1,26,42003260700,1,26,1,1-23,40.47561739,-80.0142927
162,396986170,Goettman St,GOETTMANN ST,,1939,True,False,15.5,623.0,https://tools.wprdc.org/images/pittsburgh/retaining_walls/Goettman_St.jpg,Troy Hill,1,24,42003240600,1,24,1,1-2,40.45906744,-79.98672623
163,1717995398,Goldstrom Ave,GOLDSTROM AVE,,1987,True,False,6.5,43.0,https://tools.wprdc.org/images/pittsburgh/retaining_walls/Goldstrom_Ave.jpg,Beechview,4,19,42003191600,5,19,6,4-28,40.41293881,-80.0292041
164,633746825,Gomer St 1,GOMER ST,,1996,True,False,9.5,110.0,https://tools.wprdc.org/images/pittsburgh/retaining_walls/Gomer_St_1.jpg,South Side Slopes,3,16,42003160800,4,16,3,4-24,40.42338577,-79.97401453
165,1075962363,Gomer St 2,GOMER ST,,,True,False,,150.0,https://tools.wprdc.org/images/pittsburgh/retaining_walls/Gomer_St_2.jpg,South Side Slopes,3,16,42003160800,4,16,3,4-24,40.42351763,-79.97400456
366,97518697,Sylvan Ave,SYLVAN AVE,,,True,False,,295.0,https://tools.wprdc.org/images/pittsburgh/retaining_walls/Sylvan_Ave.jpg,Hazelwood,5,15,42003562900,3,15,4,2-13,40.4161046,-79.94409968
167,1487713968,Grandview Ave 2,GRANDVIEW AVE,,,True,False,,120.0,,Mount Washington,2,19,42003190300,5,19,3,4-27,40.43440445,-80.0111972
168,1883655800,Granview Ave 1,GRANDVIEW AVE,WYOMING ST,,True,False,,2195.0,,Mount Washington,2,19,42003190300,5,19,3,4-27,40.43309414,-80.00927714
169,1491195801,Graphic St,GRAPHIC ST,,,True,False,,155.0,https://tools.wprdc.org/images/pittsburgh/retaining_walls/Graphic_St.jpg,Greenfield,5,15,42003151700,3,15,4,2-15,40.42459825,-79.9354737
170,1012696304,Grasmere St,GRASMERE ST,,,True,False,,75.0,https://tools.wprdc.org/images/pittsburgh/retaining_walls/Grasmere_St.jpg,Oakwood,2,28,42003562800,5,28,6,1-19,40.42879731,-80.06601153
171,1388632328,Greentree Rd 1,GREENTREE RD,,,True,False,,115.0,https://tools.wprdc.org/images/pittsburgh/retaining_walls/Greentree_Rd_1.jpg,Westwood,2,20,42003563100,5,20,6,1-18,40.43098007,-80.03926809
172,1174119572,Greentree Rd 2,GREENTREE RD,,,True,False,,125.0,https://tools.wprdc.org/images/pittsburgh/retaining_walls/Greentree_Rd_2.jpg,Ridgemont,2,20,42003563100,5,20,6,1-18,40.43130571,-80.03899987
173,580372714,Grenada St,GRENADA ST,DEAD END,1940,True,False,5.6,283.0,https://tools.wprdc.org/images/pittsburgh/retaining_walls/Grenada_St.jpg,Brighton Heights,1,27,42003270100,1,27,1,1-14,40.48010911,-80.0429482
174,1126435091,Haberman Ave,HABERMAN AVE,RUXTON ST,1946,True,False,2.5,488.0,https://tools.wprdc.org/images/pittsburgh/retaining_walls/Haberman_Ave.jpg,Mount Washington,3,18,42003180700,5,18,3,4-5,40.42446681,-80.00281559
175,1999987469,Hackstown St 1,HACKSTOWN ST,,1996,True,False,8.0,200.0,https://tools.wprdc.org/images/pittsburgh/retaining_walls/Hackstown_St_1.jpg,South Side Slopes,3,17,42003170600,4,17,3,4-3,40.42423513,-79.98535349
176,64599387,Hall St,HALL ST,DEAD END,1968,True,False,6.0,241.0,https://tools.wprdc.org/images/pittsburgh/retaining_walls/Hall_St.jpg,Marshall-Shadeland,1,27,42003271500,1,27,1,1-14,40.47732852,-80.02755246
177,2031905851,Hallock St from Alta St,HALLOCK ST,,,True,False,,30.0,https://tools.wprdc.org/images/pittsburgh/retaining_walls/Hallock_St_from_Alta_St.jpg,Mount Washington,2,19,42003190300,5,19,3,4-1,40.43067785,-80.01919858
179,463138734,Harlan Ave,HARLAN AVE,,1937,True,False,14.0,337.0,https://tools.wprdc.org/images/pittsburgh/retaining_walls/Harlan_Ave.jpg,Perry South,6,26,42003261400,1,26,1,1-12,40.46610067,-80.01859771
180,5362621,Harmar St,HARMAR ST,,,True,False,,124.0,https://tools.wprdc.org/images/pittsburgh/retaining_walls/Harmar_St.jpg,Polish Hill,7,6,42003060500,6,6,2,2-6,40.45811851,-79.96892645
178,663522494,Hallock St from Virginia Ave,HALLOCK ST,,1931,True,False,3.5,109.0,https://tools.wprdc.org/images/pittsburgh/retaining_walls/Hallock_St_from_Virginia_Ave.jpg,Mount Washington,2,19,42003190300,5,19,3,4-1,40.43267117,-80.01858758
183,1203831780,Henderson St from Fountain St,HENDERSON ST,,,True,False,,925.0,https://tools.wprdc.org/images/pittsburgh/retaining_walls/Henderson_St_from_Fountain_St.jpg,Fineview,6,25,42003250900,1,25,1,1-10,40.45909438,-80.00500348
184,1671920600,Henderson St from Sandusky Ct,HENDERSON ST,FOUNTAIN ST,1920,True,False,8.0,436.0,https://tools.wprdc.org/images/pittsburgh/retaining_walls/Henderson_St_from_Sandusky_Ct.jpg,Fineview,6,25,42003250900,1,25,1,1-10,40.45918436,-80.00643498
185,1960210190,Herron Ave,HERRON AVE,,,True,False,,110.0,https://tools.wprdc.org/images/pittsburgh/retaining_walls/Herron_Ave.jpg,Polish Hill,7,6,42003060500,6,6,2,2-6,40.45884708,-79.96511482
186,2099526179,Hewitt St,HEWITT ST,,,True,False,,100.0,https://tools.wprdc.org/images/pittsburgh/retaining_walls/Hewitt_St.jpg,Perry North,1,26,42003260200,1,26,1,1-15,40.48970947,-80.02196617
187,736863293,High St,HIGH ST,,1927,True,False,10.0,42.0,https://tools.wprdc.org/images/pittsburgh/retaining_walls/High_St.jpg,Spring Garden,1,24,42003241200,1,24,1,1-5,40.46024551,-79.99297143
385,2131281490,Waldeck St,WALDECK ST,,1930,True,False,10.0,162.0,https://tools.wprdc.org/images/pittsburgh/retaining_walls/Waldeck_St.jpg,Greenfield,5,15,42003151600,3,15,4,2-12,40.42502559,-79.95038342
199,811441693,Jay St from Henderson St,JAY ST,,1931,True,False,10.0,234.0,https://tools.wprdc.org/images/pittsburgh/retaining_walls/Jay_St_from_Henderson_St.jpg,Fineview,1,25,42003250900,1,25,1,1-10,40.46000969,-80.00209273
389,771958204,Welsh Way,WELSH WAY,,,True,False,,485.0,,South Side Slopes,3,17,42003170600,4,17,3,4-3,40.42434609,-79.98734572
398,1501767897,Winters Park,YARD WAY,,1959,True,False,5.0,240.0,https://tools.wprdc.org/images/pittsburgh/retaining_walls/Winters_Park.jpg,South Side Slopes,3,17,42003170600,4,17,3,4-3,40.42226032,-79.98189077
188,1277326573,Holt St 1,HOLT ST,,1980,True,False,,125.0,https://tools.wprdc.org/images/pittsburgh/retaining_walls/Holt_St_1.jpg,South Side Slopes,3,16,42003160800,4,16,3,4-22,40.42213221,-79.97111845
189,2080460143,Holt St 2,HOLT ST,,1990,True,False,2.9,90.5,https://tools.wprdc.org/images/pittsburgh/retaining_walls/Holt_St_2.jpg,South Side Slopes,3,16,42003160800,4,16,3,4-22,40.42217497,-79.97159739
405,1061574632,Mossfield St 2,MOSSFIELD ST,,1985,True,False,7.0,460.0,https://tools.wprdc.org/images/pittsburgh/retaining_walls/Mossfield_St_2.jpg,Garfield,9,10,42003101600,2,10,5,3-4,40.47048028,-79.9458757
386,1001873284,Walz St,WALZ ST,,,True,False,,305.0,https://tools.wprdc.org/images/pittsburgh/retaining_walls/Walz_St.jpg,Spring Hill-City View,1,24,42003262000,1,24,1,1-24,40.46416587,-79.99106767
388,117649599,Webster Ave,WEBSTER AVE,,1940,True,False,9.8,129.0,https://tools.wprdc.org/images/pittsburgh/retaining_walls/Webster_Ave.jpg,Upper Hill,6,5,42003050600,3,5,2,2-22,40.45356783,-79.96403075
190,76228124,Holt St 3,HOLT ST,,,True,False,,225.0,https://tools.wprdc.org/images/pittsburgh/retaining_walls/Holt_St_3.jpg,South Side Slopes,3,16,42003160800,4,16,3,4-22,40.42216577,-79.97230118
191,1163671723,Iona St,IONA ST,,1932,True,False,4.0,63.0,https://tools.wprdc.org/images/pittsburgh/retaining_walls/Iona_St.jpg,Spring Hill-City View,1,24,42003262000,1,24,1,1-24,40.46271698,-79.99009575
192,1941985627,Itin St 1,ITIN ST,,,True,False,,65.0,https://tools.wprdc.org/images/pittsburgh/retaining_walls/Itin_St_1.jpg,Spring Garden,1,24,42003262000,1,24,1,1-24,40.46168554,-79.99222401
182,1644178617,Heberton St,HEBERTON ST,,,True,False,,35.0,https://tools.wprdc.org/images/pittsburgh/retaining_walls/Heberton_St.jpg,Highland Park,7,11,42003980100,2,11,5,3-9,40.47758138,-79.91373371
395,1247238555,Wick St from Dinwiddie St,WICK ST,,1984,True,False,10.0,180.0,https://tools.wprdc.org/images/pittsburgh/retaining_walls/Wick_St_from_Dinwiddie_St.jpg,Crawford-Roberts,6,3,42003030500,3,3,2,2-1,40.44077375,-79.9803285
396,813293042,William St,WILLIAM ST,,1995,True,False,,65.0,https://tools.wprdc.org/images/pittsburgh/retaining_walls/William_St.jpg,Mount Washington,2,19,42003191400,5,19,3,4-5,40.42742648,-80.00483227
193,182695964,Itin St at Diana Dt,DIANA ST,,1971,True,False,14.0,147.0,https://tools.wprdc.org/images/pittsburgh/retaining_walls/Itin_St_at_Diana_Dt.jpg,Spring Hill-City View,1,24,42003262000,1,24,1,1-24,40.46187421,-79.99192973
197,1737155308,Ivyglen St,IVYGLEN ST,,,True,False,,40.0,https://tools.wprdc.org/images/pittsburgh/retaining_walls/Ivyglen_St.jpg,Overbrook,4,32,42003320400,4,32,3,4-23,40.38206134,-79.99490217
397,805235892,Windom St,WINDOM ST,,,True,False,,690.0,https://tools.wprdc.org/images/pittsburgh/retaining_walls/Windom_St.jpg,South Side Slopes,3,17,42003170600,4,17,3,4-2,40.42672368,-79.99112159
198,659848235,James St,JAMES ST,,,True,False,,25.0,https://tools.wprdc.org/images/pittsburgh/retaining_walls/James_St.jpg,Central Northside,6,25,42003220600,1,25,1,1-6,40.45846352,-80.00223389
194,1234414229,Itin St at High St,ITIN ST,,1939,True,False,8.5,160.0,https://tools.wprdc.org/images/pittsburgh/retaining_walls/Itin_St_at_High_St.jpg,East Allegheny,1,24,42003563200,1,24,1,1-5,40.45965154,-79.99474616
195,749726927,Itin St from Goehring St,ITIN ST,,1939,True,False,15.0,575.0,https://tools.wprdc.org/images/pittsburgh/retaining_walls/Itin_St_from_Goehring_St.jpg,East Allegheny,1,24,42003563200,1,24,1,1-5,40.46063845,-79.99391065
399,1246583233,Woodville Ave 1,WOODVILLE AVE,,1965,True,False,24.0,262.0,https://tools.wprdc.org/images/pittsburgh/retaining_walls/Woodville_Ave_1.jpg,West End,2,20,42003562600,5,20,6,1-17,40.432295,-80.02993288
400,1129719797,Woodville Ave 2,WOODVILLE AVE,,1965,True,False,13.0,206.0,https://tools.wprdc.org/images/pittsburgh/retaining_walls/Woodville_Ave_2.jpg,West End,2,20,42003562600,5,20,6,1-17,40.43282377,-80.03016086
406,1963122045,Reynolds St,REYNOLDS ST,,,True,False,,,https://tools.wprdc.org/images/pittsburgh/retaining_walls/Reynolds_St.jpg,Point Breeze,9,14,42003981100,3,14,4,3-14,40.44624737,-79.9029683
196,866794213,Itin St from High St,ITIN ST,,2017,True,False,8.0,175.0,https://tools.wprdc.org/images/pittsburgh/retaining_walls/Itin_St_from_High_St.jpg,Spring Garden,1,24,42003241200,1,24,1,1-5,40.45992162,-79.99442483
200,828972528,Jordan Way,JORDAN WAY,,,True,False,,325.0,https://tools.wprdc.org/images/pittsburgh/retaining_walls/Jordan_Way.jpg,Garfield,9,10,42003101700,2,10,5,3-4,40.46602736,-79.93670096
403,2021177875,Zara St,ZARA ST,,,True,False,,35.0,https://tools.wprdc.org/images/pittsburgh/retaining_walls/Zara_St.jpg,Knoxville,3,30,42003300100,4,30,3,4-21,40.41568196,-79.99708726
407,1745355445,S Homewood Ave,S HOMEWOOD AVE,,,True,False,,,https://tools.wprdc.org/images/pittsburgh/retaining_walls/S_Homewood_Ave.jpg,Point Breeze,9,14,42003981100,3,14,4,3-14,40.44610559,-79.90353118
231,392171348,McClure Ave 1,MCCLURE AVE,,1981,True,False,3.5,132.0,https://tools.wprdc.org/images/pittsburgh/retaining_walls/McClure_Ave_1.jpg,Brighton Heights,1,27,42003270300,1,27,1,1-14,40.47728553,-80.03656277
232,112980205,McClure Ave 2,MCCLURE AVE,,1981,True,False,4.8,131.0,https://tools.wprdc.org/images/pittsburgh/retaining_walls/McClure_Ave_2.jpg,Brighton Heights,1,27,42003270300,1,27,1,1-14,40.47678464,-80.03659764
233,1761450785,McCord St 1,MCCORD ST,,1936,True,False,22.0,110.0,https://tools.wprdc.org/images/pittsburgh/retaining_walls/McCord_St_1.jpg,South Side Slopes,3,16,42003160800,4,16,3,4-24,40.42337964,-79.96878566
387,1940199680,Warren St,WARREN ST,,2016,True,False,,20.0,https://tools.wprdc.org/images/pittsburgh/retaining_walls/Warren_St.jpg,Fineview,1,25,42003250900,1,25,1,1-10,40.46208629,-80.00269712
402,328715497,Younger Ave,YOUNGER AVE,,1955,True,False,3.5,448.0,https://tools.wprdc.org/images/pittsburgh/retaining_walls/Younger_Ave.jpg,Banksville,2,20,42003202300,5,20,6,4-9,40.40961986,-80.03363553
